Ng√†y,ABS,ABT,ACB,ACC,ADG,ADS,AGG,AGM,APH,ASG,ASM,AST,AAM,BBC,BCG,BCM,BCF,BHN,BIC,BID,BMC,BMI,BMP,BSI,BVH,C32,C47,CAV,CCI,CCL,CDC,CII,CLC,CLL,CMG,CRC,CTD,CTI,DAG,DBD,DC4,DCM,DGW,DHA,DHC,DHG,DIG,DMC,DPM,DQC,HAG,HAH,HBC,HCM,HDC,HHS,HNG,HPG,HQC,HSG
23-12-2021,29.90,39.50,32.50,26,49.25,38.75,53.20,37,37.50,28.65,23.40,52.10,12.25,63,24.05,67.40,39.20,60.30,29.10,34.50,24.80,44.85,58.50,38.20,54.90,32.20,25.05,59,25.20,19.95,16.80,39.10,37,33.35,58,10.80,95.70,24.75,15.35,52.30,24.60,38.80,118.10,51.10,83.90,123.30,89.60,53,55.50,29,14.90,67.10,28.05,43.40,92,12.10,11.75,44.95,9.07,35.10
22-12-2021,28.60,39.50,32.70,25.95,49.45,39.10,53.10,36.70,37.50,28.80,22.70,52.90,12.80,64,24.70,68.30,39.20,60.50,29.20,34.27,24.95,45.80,61,40.55,56.50,33.30,25.50,59.20,25.30,19.25,16.80,42,37.20,33.50,59.40,11.15,90.50,25.65,15.80,52.50,25,38.75,121,51.80,84.20,127.90,96.30,52.80,54,28.15,14.50,68.90,26.25,45,98.80,11.80,11,45.10,9.10,34.35
21-12-2021,28.70,37.50,32.80,26.20,49.70,37.95,51.20,36.50,36.15,28.85,21.25,51,12.90,63,24.90,67.90,39.20,60.10,29.65,34.67,24.95,46.50,62.20,42.40,57,32.80,24.90,59.90,25,18,16.70,41.15,37.20,33.95,59.30,11.05,89.10,25.15,16.15,52.30,25.60,40.05,122.20,52.10,84.90,130,93,53.60,53.90,28.40,13.60,69.40,25.95,45.80,101.60,12.95,11.10,46.10,8.60,34.85
20-12-2021,27.50,37.50,33.10,26.25,49.85,38.30,50.40,37.20,33.80,29,21.10,52.70,12.50,62.30,24.75,68,39.20,61.10,29.50,35.30,25.45,44.70,62.20,43.20,56.60,31.50,23.80,59,25.50,17.75,16.20,38.50,37.40,34,59.30,10.95,88.80,25.25,15.80,52.20,25.25,37.80,123.80,52.90,84.90,128.50,87,53.80,50.40,28.80,12.75,68.70,25.50,47,101.10,12.50,10.70,46.90,8.26,35.70
17-12-2021,27.75,37.30,33.20,26,50.50,38.30,51,37,34.65,28.95,21.30,53.60,12.30,63.10,25.30,67.90,39.20,60.50,29.30,35.54,26,44.50,60.50,42.50,57.60,31.50,23.75,60,24.60,18.20,16.70,36,37.95,34,60.40,11.30,91.30,24.45,14.80,52.30,24.15,37.90,124.90,52.30,85.30,123.60,91,54.80,49.90,28.90,12.15,70.60,26.50,46.15,104.80,12.65,10.40,46.70,8,36.10
16-12-2021,27.65,37.50,33,25.85,50.40,36.20,51.40,37.60,35.55,29.20,21.70,53.90,12.50,63.70,25.15,67.30,39.20,61.30,29.15,35.54,26.10,43.40,59.80,40.90,58,31.90,23,59.10,24.30,18.75,16.90,33.85,37.50,34,60.10,11.35,91.30,23.70,14.35,52.50,22.60,37.50,122.70,52.30,86.10,130,87.20,54.30,49.80,29,13.05,71.80,27,43.50,101.10,12.75,11.15,47.50,8.60,37.15
15-12-2021,27,37.50,33.40,25.90,49.75,35.30,48.10,36.70,36,29,21.65,52.50,12.40,61.40,24.90,63,39.20,60.10,29.40,35.54,26.30,43.25,60.20,41.20,58.20,31.90,24.10,60,25.35,18.25,16.40,31.65,37.80,34,60.30,11.55,91.20,23,14.75,53.20,22.55,38.25,123.60,51.70,87.30,135.80,81.50,55,51,29.05,12.20,72.20,26.05,44.20,101,11.95,10.60,47.80,8.05,37.50
14-12-2021,26.60,37,33.30,25.80,49.90,35.35,48.50,36.25,35.90,29.50,21.35,53,12.50,66,25.75,58.90,39.20,60.10,29.60,35.85,27,44.35,60,42,58.50,32.50,24.60,58.60,24.95,18.05,17,31.95,38,34,60.50,11.25,88.30,23.35,14.80,53.10,22.50,38.10,123.70,52,86.70,134.20,77.90,53.80,50.50,28.95,12,68.90,27.20,45.10,105.80,11.80,11.20,47.70,7.70,37.60
13-12-2021,24.90,37,33.40,25.85,49.75,34.70,47.40,36.40,36.40,29.10,21.60,53.80,12.60,67.80,25.95,55.50,39,60,29.15,36.01,26.20,43.40,58.10,42.05,59.20,33.45,24.20,58.60,25.70,18.15,16.90,29.90,37.30,34.20,61.50,11.25,90.50,24,15.20,52.10,22.55,37.35,127,52.90,88.10,133.20,73.20,53.70,50,28.25,11.25,69.20,27.10,44.70,105.80,12.10,10.90,46.55,7.28,35.15
10-12-2021,23.80,37,33.40,25.60,50,34.70,44.30,36.50,36.80,29.50,20.40,53.50,12.65,64.20,25.75,53.80,39,60,29.50,35.30,26.20,42.55,58.40,42,58.80,32.40,24.10,60.10,24.75,17,16.20,27.95,37.50,33.65,62,10.95,89.90,22.65,14.95,53.30,22.40,37.65,129,51.80,88.60,124.50,68.50,54.30,50.50,28.20,10.55,69.20,25.35,43.80,104.90,11.35,10.20,46.50,6.81,34.50
09-12-2021,24.20,37,33.30,25.80,49.65,35.30,44.80,36.90,37.30,29.10,20.25,54,12.60,64.10,25.70,53.20,39,60.20,29.50,34.82,26,41.20,58.70,43,57.80,31.60,24,59.10,24.45,17.30,16.30,26.75,37.80,34,61,10.80,87.20,21.20,15.15,55,22.40,37.15,130.40,52.30,90,126.40,69.40,54.30,49,28.20,10.20,69.20,25.70,44.50,104.50,11.50,9.81,47.10,6.73,35.45
08-12-2021,22.90,37.50,33.10,25.35,50,35.60,44.15,37.75,36.35,29.30,19.65,55,12.40,64.10,24.85,49.73,39.40,59.50,28.85,34.82,27,41.30,58,42.10,57.70,31.30,23.45,59.00,24.50,16.80,16.40,25.70,37.80,33.25,60.70,11,81.50,20.80,15,55.20,22.10,36.70,126.10,52.30,88.50,124,68.30,54,47.80,26.40,9.87,67,25.10,44,104,11.30,9.17,47.20,6.66,35.50
07-12-2021,23.60,37,32.95,25.35,48.75,36,44.05,36,35.80,29.30,19.75,53.40,12.20,64.10,23.80,49.53,39.40,61.50,29.50,34.51,27,41.20,57.50,41.65,58.40,31.65,23.30,59.20,23.80,16.90,16.50,26,37.70,33.50,60.80,11.20,77,21.05,15.70,56,22.10,36.20,129.20,52,88.50,122,68,55,47.30,26.40,9.23,67.80,24.70,43.95,103.20,11.10,8.77,47.60,6.66,36.10
06-12-2021,23.35,35.50,32.30,25.30,48,35.25,43,37,34.45,29.10,18.90,52.40,12.40,64.50,23.20,48.64,39.20,59.70,28.60,33.20,27.10,40.95,56,41.15,57.50,29.60,23.50,59.20,24.15,16.15,16.80,25.20,37.80,33.45,60.10,11.35,76,20.40,14.75,56,21.80,35.20,121,50.20,88.10,118.50,64.40,53.50,45.25,25.65,8.63,65.90,23.10,42.20,96.50,10.40,8.40,45.75,6.31,34.90
03-12-2021,25.10,33.65,32.55,25.50,47.50,35.65,44.30,36.50,37,29.70,20.30,53.90,12.40,69.20,23.13,48.93,39.20,60.80,29,33.24,27.35,44,58,44.20,57.80,31.65,23.30,59.69,25.50,16.95,16.40,27,37.85,34.10,60.90,12.20,77,21.80,15.85,57,22.75,37.50,123.60,52.20,91.30,116.70,65,53,47.80,26.20,8.80,68.60,24,44.00,103.50,11.15,8.60,47.70,6.70,37.50
02-12-2021,26.20,35.50,33.20,26.20,47.05,35.95,44.75,36.20,38.70,29.70,21.80,55,12.80,66.50,24.18,52.61,39.30,61.10,29.55,34.98,28.85,45.25,58.70,47.50,60.60,32.80,22.65,61.66,24.30,17.70,16.80,28.65,37.90,34.30,62.40,12.90,77.90,23.30,17,57,23,39.10,128,53.20,92.60,109.10,68.30,54.50,49.75,26.40,8.80,70.30,25.60,47.16,97.90,11.95,9,48.60,6.87,39.40
01-12-2021,26.45,36,33.50,26.30,47.15,35.85,44.35,36.60,38.40,29.90,21.35,52.90,12.65,66.50,24.34,54.19,39.30,61.90,30,35.06,27,45.30,59.40,48.30,61.10,32.80,21.20,59.00,24.20,17.15,17.10,28.90,37.90,34.30,62.50,12.30,80,23.35,17.65,56.50,23,40.25,130,53.70,93,102,65.40,54.80,52.20,26.20,8.70,70.40,26.90,47.71,91.50,12,8.89,49,6.65,39.30
30-11-2021,26.50,36.10,33.30,25.95,48.15,35.65,44.05,36.40,39.70,29.50,21.45,53.10,13,64.30,22.77,53.30,39.30,61.90,30.80,35.14,27,45.10,60,49.50,61,33.35,21.40,59.00,24.65,17.60,17,29.70,37.55,34.40,62,12.50,80,23.65,18.10,57.20,23.10,38,129,53.80,93.30,103,68.50,55.90,50.40,26.30,8.23,71.90,26.95,48.45,91,12.25,8.82,48.95,6.48,39.55
29-11-2021,26.05,35.80,34.15,26,50,36,43.70,36,40.30,29.40,21.60,53.10,13.45,64.10,22.01,52.70,39.30,61.70,29.40,35.22,26.80,45.10,59.10,49.95,62,33.10,21.25,58.12,25.40,17.50,16.90,29.55,37.50,34.50,63.80,12.40,74.80,23.10,17,57.40,23.40,37.60,135.90,53.80,93.10,103.90,70.10,56,48.90,26.20,7.69,72.40,26,48.65,90.20,11.95,8.70,48.40,6.40,38.90
26-11-2021,26.80,35.60,34.60,25.10,49.20,36.60,43.75,35.75,40.45,30.30,21.30,54.50,13.50,63.60,21.88,53.60,39.30,61.90,29.80,35.97,26.80,44.65,60,48.70,62.20,33.70,19.90,58.12,25,16.95,16.80,27.65,38.10,34.65,65.50,12.60,74,21.60,17,55.20,23.40,38.10,134.50,54.30,93,99.50,69.90,53.30,50.30,25.60,7.20,69,25.15,48.15,91.50,11.60,8.25,49.05,6.11,39.75
25-11-2021,26.75,35.50,35.15,25.70,47.60,36.45,44.20,35.90,40.75,30,22,54,12.80,63.70,22.49,54.29,39.30,62,30,35.89,27.20,45.45,60.50,49.75,63.10,33.75,18.70,58.31,23.95,16.65,16.80,28,38,34.60,68.50,12.40,75.20,21.70,17.50,55.70,23.30,36.95,136.40,53.90,94.50,99.60,67.50,52.50,49,26.20,7.50,68.50,25.60,47.16,93.40,11.75,8.35,49.25,6.29,39
24-11-2021,25,35,35.35,25,45.60,34.10,43.70,35.90,40.95,29.80,22,53.40,13.10,63.70,22.49,53.70,39.30,62.30,30,36.45,27,44.95,59.10,46.50,62.80,34,18.35,58.02,24.30,16,16.30,26.85,38.50,34.30,68.30,12.90,72.70,21.25,17.50,56.30,21.80,36.30,137.30,53.80,94,101,63.10,53.80,48.50,25.90,7.06,69,25.65,46.77,93.10,11,8.27,48.65,6.14,37.95
23-11-2021,26.50,34,33.95,24.50,46.05,34.60,44.60,35.90,40.70,29.30,22.50,54,13,63.70,22.13,54.59,39.30,62.30,30.20,35.38,27.45,44.50,59.70,48.40,62.40,34.25,18.30,58.81,24,16.70,17.20,27.25,38.50,34.15,66.40,12.90,68,21.30,16.40,53.90,21.60,37,134.50,52.30,93.20,98.70,61,53.80,49.30,25.40,7.15,69.30,24.20,45.98,95.90,11,8.27,49.55,6.10,39.10
22-11-2021,26.25,35,34.15,23.90,46.30,34.10,45.50,36.20,40.60,30.40,21.40,53.60,12.80,63.70,21.60,53.50,39,62.50,29.80,36.05,27.45,44.10,58.50,48.50,60.20,32.10,17.70,58.81,23.85,16.75,16.70,27.50,38.35,34.15,66.90,12.80,68.50,21.30,15.35,53.50,23.20,35,140,52,93,98.50,65.10,54,46.50,25.90,7.45,67.50,22.65,44.49,93,11.25,8.37,48.65,6.42,38.40
19-11-2021,28.20,35,33.45,24.10,46.10,34.90,47.60,36,42.10,30.70,23,54,13.50,66.50,23.13,56.58,39,62,30.20,35.14,29.50,46.30,59.40,52.10,61.10,34.50,18.60,58.81,24,18,17.70,29.55,38.40,34.90,69.90,13.50,72,22.90,15.15,52.80,24.90,35.90,136,51.80,93.70,99.80,70,51.70,46,26.40,8.01,71,24.35,46.07,100,12.05,8.99,48,6.90,37.50
18-11-2021,29.20,34,32.50,24.50,46.10,35.30,45.90,36.40,43.65,30.70,22.85,55.40,14,66.60,22.77,58.76,39.90,61.90,31.45,35.22,31.70,48,59.60,52.10,64.20,36,19,58.81,25.30,19.35,18,31.10,38.26,35.60,69,13.20,75,22.60,14.20,52,24.40,36.50,131,54.20,92,101,71.90,55.50,48.60,27.70,8.61,75.20,26,47.56,105.10,12.35,9.25,49.95,6.85,39.90
17-11-2021,28.35,34.05,33.30,24,46.10,33.80,46.45,36.10,43.85,30.80,21.40,54.60,13.45,66.50,21.80,58.56,39.90,61.90,32,34.51,32.40,48.25,59.60,48.75,64.20,36.40,18.65,58.71,23.70,18.80,17.65,29.10,39.47,35.90,64.60,12.90,75.70,21.25,13.30,52.20,24.40,38.70,124.90,55.30,91.80,102.10,67.20,57,51.50,28.10,8.20,75.70,25.80,44.79,108.60,11.55,9.05,51.40,6.41,42.50
16-11-2021,29.10,36.60,33.15,24.05,46.15,32.10,47.30,36.10,43.30,30.80,21.10,54.50,13.50,66.50,21.12,55.98,39.60,61.80,32,33.87,30.30,48.90,60,46.90,64.60,36.95,18.65,58.71,24.90,19.10,18.50,28.55,38.65,36.20,63.90,12.60,71.90,21.70,12.45,53,25,39.20,125.50,55,91.40,102.10,67,57,52.50,28.10,8.28,75.50,25.10,44.49,104.50,10.80,9.16,52,6,43.10
15-11-2021,28.55,36.60,33.40,24.10,46.20,31.50,48.40,36.50,44.70,30.55,21.65,56,13.85,64,21.60,54.79,39.60,61.80,31.60,33.87,30.05,46.40,59.10,47.90,62.70,37.55,18.65,58.81,23.80,20,17.85,30.60,38.79,35.70,63.80,13.10,72.60,22.30,11.65,52.80,25.50,38.80,119.50,54.80,92,103.20,68,56.80,52.60,28.35,8.15,70.60,23.50,45.09,107,11.55,9.60,53.60,6.23,43.70
12-11-2021,26.70,36.60,33.35,23.10,46.20,30.55,48.05,35.85,45.40,30.35,20.55,54.40,13.95,64.30,22.05,54.29,39.60,62.20,31.80,34.19,28.10,44.70,61.80,45.40,62.80,36,19,58.61,23.80,19.75,16.70,29.60,38.69,35.70,64.10,12.90,73.70,21.60,10.90,51.90,26.30,38.10,111.70,56,94.20,101.60,70.90,58.10,52.60,28.55,7.62,69.60,23.65,43.75,115,10.80,9.18,54.60,5.83,44.70
11-11-2021,28.25,36.80,33,23.40,46.10,31.10,48.20,35.80,44.95,31.30,20.55,54.40,14.80,64.50,22.17,53.70,39.60,62.80,32.30,33.87,28.10,44.90,62.50,44.90,63.20,35.40,18.60,58.61,24.20,20.10,16.30,27.80,38.60,36,64,12.10,74.30,20.65,10.20,52.10,26.30,37.20,109.60,56.10,94.20,100.90,66.30,58.30,52.80,28.35,7.13,70.70,23.80,43.36,114,10.10,8.88,54,5.45,43.50
10-11-2021,28.20,35,33.40,22.85,46.40,31,47,36.90,43.50,31.30,20.35,54.80,14.30,64,22.29,53.80,39.50,62.90,31.65,34.03,27.25,46,62.50,42.80,64.50,35.60,18.05,58.90,24.50,19.45,16.30,26,38.40,36.35,64.80,12.10,73.50,19.30,9.54,50.70,25.90,38.45,110.40,55.70,95.60,101.20,62,58.50,54,28.90,6.70,71.60,23.70,43.50,109.20,9.44,8.62,55.30,5.33,44.50
09-11-2021,27.20,34.70,33.45,23.25,46.40,30.85,46.85,37,42,31.50,19.65,54.50,13.40,63.50,21.92,55.58,39.50,63,31.70,34.03,28.40,46.50,62.10,42.10,64.80,34.90,16.90,58.31,24.50,18.20,16.30,24.80,38.06,35.90,65,12.05,73.30,19.30,8.92,50.80,25.90,36.75,112,55,95.80,102,58,58.80,52.30,28.30,6.56,72.50,22.15,42.96,106.10,9.30,8.57,56.50,5.26,45.65
08-11-2021,26,34.80,33.40,24,46,30.70,47.30,37.10,42.30,31.50,19.20,54.90,12.55,63.20,22.33,55.58,39.50,63.10,31.25,34.74,28.65,44.80,63,42.10,63.50,34.60,16.70,58.71,23.40,17.40,16.45,25,38.01,35,64.30,12.40,72.70,18.35,8.34,50.60,26.30,36.85,112,54.90,95.30,101.20,55.60,59.50,52,29.10,6.14,70.20,22,43.50,99.20,9.45,8.43,56.80,5.48,46.05
05-11-2021,24.30,34.50,33.50,24.95,46.70,30.85,45.80,37.50,42.20,30.75,18.60,54.30,11.75,63,21.28,53.60,39.40,61.60,31.15,34.51,29.25,45.15,62.90,41.80,63.10,34.50,17.20,58.90,24.90,17.25,16.85,23.60,38.01,34.60,63.50,12.20,72.50,18,7.80,49.10,25.65,35.10,113.80,55.30,96.10,101.20,55.60,59.50,50.30,29.05,5.74,67.90,21.90,41.63,99.20,9.08,7.88,56.60,5.45,46.45
04-11-2021,22.75,32.50,33.50,25.40,47,30.40,45.80,36.50,41.40,30.40,18.55,53.80,11,66,20.15,52.51,39.50,61.60,31.10,34.82,29.20,44.75,62.20,41.50,62.61,35.30,16.45,58.41,24.10,17.60,16.60,22.90,38.50,34.65,62.90,12.15,71.60,18,7.71,49.10,24,32.85,111,55,91.40,101.30,56.10,57,47.05,27.15,5.37,67.80,20.90,41.38,99.20,8.81,7.51,56.30,5.26,45.80
03-11-2021,21.60,34.80,33.85,24.55,47.60,30.35,45.80,36.50,42,29.60,18,54.50,11.20,66,20.55,52.61,39.50,63,31,34.07,29.45,44,61,38.80,62.61,33.90,15.70,58.41,25.90,16.85,16.70,22.50,37.43,34.75,62.40,11.90,71.50,17.70,7.65,49.30,22.80,32.65,110,54.50,91,102,54.20,56.50,46,25.40,5.36,67,19.55,39.30,100.20,8.52,7.57,55.60,5.40,44.95
02-11-2021,21.55,34.80,33.15,22.95,47.90,32.10,47.60,36.10,43.90,29.40,19.25,54.90,11.20,64,22.09,53.30,39,62,31.40,33.20,28.45,45.50,60.40,38.50,63.89,35.70,15.95,59.00,24.70,18.10,16.90,24.05,38.01,34.75,63.80,12.70,72.10,19,7.24,50,23.80,33.90,112.20,56.90,91,103.20,58.20,58.10,49.20,26.90,5.56,70,21,39.85,107.70,9.05,7.77,55.50,5.80,45.80
01-11-2021,20.15,34.80,32.70,22.50,46.70,32.20,46.75,36.20,42.90,29.35,19.25,55.60,11,67,20.76,51.71,39,62.60,31.30,33.08,26.60,45.50,60,36,63.20,36.20,14.95,59.00,23.50,16.95,16.50,22.90,37.91,35.05,64,11.90,73.10,19,7.05,49.50,22.25,34,113.50,56.50,90.90,102.30,54.40,56.70,49.80,25.95,5.51,69.10,20.20,39.05,106.90,9.18,7.86,55.70,5.69,46
29-10-2021,20.05,35,33,22.10,45.90,33.10,48,35.60,42,29.10,18.70,54.50,10.90,66.90,20.72,52.61,39,62,31.95,32.85,26.45,45.80,60,34.90,63.79,36.45,14.30,59.00,22,17,16,22.45,36.55,35.25,63,12,71.90,19,6.78,48.50,20.80,33.30,113.50,55.90,93.50,103.80,50.90,57.50,49,26.45,5.15,70.70,18.90,37.77,106.60,8.95,7.50,57.10,5.35,47.40
28-10-2021,20.60,34,31.85,21.50,45.80,33.30,48.80,35.95,42,29,18.05,55.10,10.80,66.80,19.59,52.90,39,63,31.60,31.54,26.50,46.30,59.60,34.70,64.68,35.90,14.35,58.71,21.10,17.10,15.95,22.20,35.58,35.40,61.80,12.05,71.50,19.15,6.77,49,19.70,33.50,115,55.40,92,101.70,49,58.30,49,26.40,5.16,71.50,17.70,38.26,104.50,8.46,7.63,58,5,48
27-10-2021,20.50,34.05,31.40,20.40,46.10,33.70,48.60,35.10,42,29.20,17.85,55.80,11,66.80,19.51,49.63,38.80,62.50,30.20,31.58,27,45.80,56.90,33.45,63.99,38.10,14.35,58.61,21.10,17.20,15.85,22.20,35.09,35.35,60.50,12.30,72,18.30,6.73,49.20,19.65,31.70,116.40,54.40,93.30,98.90,46.20,57.70,46.40,26.35,5.04,70,17.85,37.72,100,8.01,7.49,57.90,5.19,48.05
26-10-2021,19.70,35.20,31.10,19.10,46.30,33.10,48,34.60,42,29,18,55.30,11.05,66.90,19.35,47.15,38.80,62,30.50,31.02,26.50,46,56.90,31.95,63.40,36,13.75,59.10,21.30,17.30,15.55,21.40,34.80,34.60,59.60,11.75,71,18.10,6.52,49.20,19.90,31.80,112.30,54.50,93,98.80,43.30,58.30,46.70,26.20,5.03,71,17.40,36.48,96.10,7.95,7.40,56.30,5.08,47.65
25-10-2021,19.50,34,31.25,18.85,46.50,33,48.50,35,42.20,29.20,18,55.80,11.20,63,19.51,47.34,38.20,62,30.60,31.02,26.75,44.50,55.30,31.40,63.60,36.70,13.55,59.10,21.15,17.25,15.50,20.55,34.75,34.30,60,11.50,70.40,18.25,6.50,50,19.70,31.50,111.90,54.40,94.20,98.10,41.20,58.50,45.05,25.50,5.05,68,17.45,36.09,97,8,7.46,55.10,4.75,47
22-10-2021,19.20,34,31.60,19.35,46.20,33,48.30,35,41.10,28.90,18.15,56.10,10.80,63,18.94,45.81,38.20,63,29.90,31.10,27.60,41.60,54.70,32,59.46,34.30,13,59.49,21.30,16.50,15.60,19.70,34.80,34.10,60.90,11.40,70.50,18.05,6.36,47.20,18.60,33.20,111.60,53.10,94.20,98.30,42.60,58.50,46.55,23.85,5.05,69.90,16.90,37.08,94.70,7.65,7.49,56.70,4.57,49
21-10-2021,19.45,35,31.75,19.20,46.20,32.70,45.60,35,40.55,29,17.70,56.90,11,62.50,18.86,44.67,39,62.80,29.60,31.26,26.20,40.20,55.50,31.60,59.16,32.10,12.65,59.00,21.35,16.30,14.90,19.30,34.70,34.20,61,11.05,68.60,16.90,6.41,47.40,17.40,33.80,112.90,52.70,94,99.20,39.90,59.65,47,23.25,5.08,70,15.80,37.62,96.10,7.52,7.49,57.20,4.75,49.40
20-10-2021,19.30,35,32.30,18.75,46.50,32.90,44.95,35,41,28.80,17.15,57.50,10.80,63.90,17.85,44.47,39,63,29.90,31.46,27,40.30,53.30,31.70,59.65,31.90,12.50,59.00,21.35,16.11,15,19.25,34.41,34.20,59.60,11.20,69,16.90,6.40,47.40,17.40,33.50,112.80,51.40,92,98.70,38.35,59.46,45.70,23.20,5.04,70,15.90,38.21,94.60,7.50,7.45,56.90,4.44,49.20
19-10-2021,19.55,35,32.30,18.40,46.50,38.75,45.50,36,41.40,29.20,17.15,57.50,10.80,63.90,17.41,44.22,39,63.10,30.50,31.70,27.20,41.05,52.80,32.60,60.54,32,12.65,59.00,21.45,15.41,14.90,19.10,34.80,34.20,59.70,11.25,68.20,16.40,6.10,47.90,16.90,32.50,114.40,51.80,90.50,97.40,37.35,58.41,44.30,23.25,5.04,73.50,15.80,38.51,94.60,7.19,7.40,57.20,4.15,49.30
18-10-2021,19.90,35,32,18.30,46,39.20,45.75,36.70,41.90,29.20,17.35,57.80,10.80,64,17.49,44.27,39,63,28.85,31.10,27.45,39.35,53.10,32.60,58.77,31.95,12.85,59.99,21.40,14.42,14.80,19.10,34.11,34.50,61,11.15,68.20,16.20,6.13,47.20,15.80,31.10,112.30,52.50,92,97.90,38.15,58.60,41.50,23.45,5.07,73.50,15.60,38.21,94.50,7.18,7.54,57.90,4.12,49.85
15-10-2021,20.70,35,32.20,18.20,46.50,39.15,45.15,35,42,29,17.30,57.90,10.75,63,16.73,44.91,39,63.20,28.95,31.26,27.20,39.75,53.10,31.40,58.96,31.85,13.10,59.99,21.75,14.60,14.80,19.55,34.36,34.70,62,11.40,69.20,16.60,6.17,47.50,14.80,32.70,114.30,51.90,92.80,98.10,37.40,59.46,42.75,23.50,5.10,73,16.10,37.62,94,7.20,7.61,57.30,4.11,49.75
14-10-2021,20.70,34.20,32.30,18.10,46,39.50,44,35.45,41.85,28.80,16.50,57.80,10.95,62.50,16.85,45.56,39,62.80,28.70,31.30,28,40.20,53.10,31.20,59.06,31.95,12.85,59.59,21.70,14.56,14.90,19.70,34.55,34.70,61.80,11.40,69.60,16.80,6.22,47.80,13.85,32.10,112.80,48.55,93.80,99,37.40,59.08,42,23.45,5.20,72.80,16.55,37.72,94,7.16,7.74,56.80,4.07,48.45
13-10-2021,20.30,34.20,32.60,18.20,44.40,39.10,42.90,34.60,41.80,28.90,16.60,57.70,11,62,16.73,46.15,39,62.70,28.80,31.58,26.90,40.20,53,30.70,59.16,31.10,12.80,60.77,21.70,13.95,14.80,18.85,34.16,35,60.70,11.25,70,16.50,6.15,48.10,13.60,31.05,113.90,48.50,93.30,99.50,35.40,59.08,40.20,23.20,5.04,73,16.45,37.47,93.40,7.07,7.59,56.80,3.92,48.10
12-10-2021,20,34.20,32.60,17.60,43.70,38.95,43.15,34.50,42.45,28.60,16.10,57.60,11,63,16.81,44.37,39,62.50,28.40,31.86,28.10,40.45,53,31.40,61.03,31,12.90,60.77,21.95,13.76,14.80,18.95,34.16,34.95,60.90,11.40,69.50,16.50,6.19,48.70,13.60,29.05,115.70,48.60,94.90,98.30,34.80,60.42,38.30,23.25,5.02,70.50,16.35,38.07,90.50,7.03,7.49,57,3.87,48.35
11-10-2021,19.90,34.20,32.60,17.60,43.90,39.30,43.45,34.50,41.20,28.80,15.75,57.90,10.70,63,16.77,44.22,39,62.50,28.85,31.66,26.80,40.20,53,31.80,61.13,31.50,13.15,60.77,23.10,13.80,14.75,18.95,34.11,35.50,61,11.45,69.40,16.50,6.17,49.40,13.70,29.50,115.70,48.55,93.80,99,33.60,60.42,37.55,23.75,5.04,68.50,16.35,38.56,85,7.08,7.60,57.20,3.82,47.85
08-10-2021,20.55,34.20,31.45,17.65,43.80,39.40,43.75,35.35,41,28.80,15.95,56.90,11.05,62.40,16.44,44.62,39,62.40,28.80,31.02,27.85,40.80,53.10,30.50,60.34,31.85,13.10,60.77,21.60,13.85,14.65,18.95,34.11,36,61.30,11.55,70.30,16.55,6.25,48.50,13.85,28.25,115.90,48.60,95.20,99.70,33.60,59.94,37.40,23.85,5.09,70,16.35,36.71,85,7.12,7.45,55.70,3.80,47.65
07-10-2021,20.55,34.20,31.20,17.65,42.90,38.05,44.40,35.80,41.20,28.60,16.30,56.60,11.20,62,16.52,44.67,40,61.80,29.20,30.99,29,41.35,53,30.70,61.03,32.10,13,59.99,22.50,13.90,14.75,18.80,34.21,36,61.30,11.45,70.50,17.05,6.30,47.20,14,29.15,117,48.50,95,99.90,33.25,57.83,38.40,24.20,5.04,66.30,16.50,36.94,88,7.28,7.36,55.60,3.90,47.60
06-10-2021,19.25,33,31.35,17.65,42.15,38.30,42.85,36.50,42.20,28.60,15.95,56.40,10.55,63.50,15.48,44.07,40,62,28.60,31.18,29.20,41.55,52.10,29,60.15,32.30,13.20,60.97,21.10,13.95,14.70,19,34.50,34.50,59.40,11.50,71.50,16.60,6.20,47.35,13.45,29.25,117.90,49.20,94.50,99.60,33.25,56.97,38.15,23.10,5.03,62.60,16.65,37.32,84,7.07,7.45,56.10,3.81,48.35
05-10-2021,18.85,33,31.50,17.55,41.95,37.15,42.65,36.50,42.45,28.90,15.45,55.50,11,65.50,15.03,44.07,40,62,28.80,31.10,29.15,41.30,51.80,28.55,59.06,31.85,13.20,61.85,18,13.38,14.70,18.40,34.50,34,59.40,11.90,71.50,16.25,6.12,47.80,13.20,28.80,116.50,48.30,91.80,100,31.10,57.83,38,22.65,5.01,62,16,37.85,80.10,6.93,7.21,55.30,3.57,47.85
04-10-2021,19.70,32,31,17.30,41.50,37.30,42.05,35,41.60,28,15.40,55.50,11.20,66.20,15.15,44.17,40,62,28.45,30.79,31.30,41.30,51.90,26.70,58.67,31.75,13,59.99,21,13.38,14.50,18.65,34.50,34.55,57.70,11.95,70,15.80,6.13,48,13,28.40,117,48.30,88.80,99.60,30.05,56.58,37.50,22.50,5,64.60,16.10,36.41,76.20,6.95,7.22,55.50,3.53,48.65
01-10-2021,19.65,33.20,31.50,17.35,42,37.45,42.30,35,40.30,28.50,14.95,55.60,11.20,66.20,14.19,43.67,40,62.10,28.50,30.71,29.60,40.35,52.90,26.30,57.09,31.70,12.90,61.85,21.05,12.91,14.10,18.50,34.36,35.65,57.80,11.90,67.30,15.60,6.13,48,13.45,28.20,119.90,48.30,83,99.80,30.50,56.78,38.10,22.50,5,64,15.80,38.07,75.70,6.65,7.10,53.40,3.49,46.75
30-09-2021,20.95,32,31.55,16.60,42,37.30,42.30,36.50,40.60,28.30,15.20,56.50,11.25,63.40,14.55,44.27,40,62,28.80,31.22,31.50,40.90,52.80,26.80,57.58,31.50,13.15,59.59,21.05,13.19,14.70,17.75,34.84,36.85,58.80,11.15,68.10,15.90,6.12,47.85,13.60,26.45,118.70,48.50,83,99.90,31,57.54,36.80,22.85,5.06,63.30,15.70,39.20,73.60,6.63,7.22,52.90,3.53,46.50
29-09-2021,20.40,31.90,31.35,16.60,42,35.05,42.35,35.60,40.60,28.80,15.20,56.50,10.95,61,14.43,44.07,40,60.30,29.10,31.58,31.80,41.10,52.80,26.90,57.19,31,13.40,59.49,21.05,13.38,14.70,17.60,34.84,36.65,58.90,10.80,68.50,15.85,6.06,47.75,13.25,24.75,113.20,48.65,83.80,98.40,31,57.16,35.45,22.50,5.07,60.60,15.90,39.65,71.70,6.62,7.20,53.30,3.52,45.90
28-09-2021,21.91,29.85,31.60,16.25,42.60,35.05,42.80,33.30,41.45,28.80,14.95,57,10.80,62.90,14.35,43.87,40,62.60,29.10,31.74,30.20,40.20,53.10,26.90,57.88,30.50,12.55,59.49,20.85,13.19,14.90,17.35,34.11,36.32,59,10.80,67.40,15.25,5.90,47.20,13.80,23.15,116,47.20,83.80,98.80,31,55.62,33.15,22.60,5.06,61.90,14.95,40.56,71.90,6.59,7.20,52.60,3.63,46
27-09-2021,23.52,27.90,31.50,15.90,42.80,34.70,42.70,33.30,42,28.80,14.75,54.20,10.80,63,14.11,44.67,40,59,27.20,31.18,28.25,37.60,53.20,26.40,55.71,30.10,12.40,59.00,21.15,12.91,14.65,17.10,33.43,36.32,57.30,10.55,66.50,15,5.75,46.60,14,22.80,112,47.10,82.90,100,29.40,55.24,32.20,22.45,5.01,61.90,14.95,38.98,69.90,6.55,7.20,50.80,3.51,44
24-09-2021,22.45,27.90,32,16.50,42.90,34.80,43.40,35.75,44.20,29,15.85,54.30,10.80,63,14.63,45.16,40,61.80,28.60,31.42,30.35,39.05,53.60,27.55,57.98,31,12.35,59.79,21.30,13.85,14.70,17.40,34.11,36.79,60.50,10.40,68.40,15.60,6.15,47.80,14.50,24.20,116.20,48.10,84.80,103,31.60,56.30,34.50,22.80,5.24,61.10,15.05,41.09,71.50,6.95,7.70,50.80,3.74,45.40
23-09-2021,20.99,28,31.60,16.90,42.45,34.60,44,33.45,44.40,29,16.20,54.30,10.90,63,14.91,45.16,40,62.20,29,31.22,32.60,39.20,53.90,27.80,56.99,31.20,13,59.00,20.70,13.95,14.70,17.55,34.06,36.89,62.50,10.68,68.20,15.80,6.56,49,14.90,24.70,116.50,48.80,85.90,104.30,31.80,57.64,34.85,22.40,5.24,65.40,14.81,41.54,72.20,6.92,7.80,51,3.89,46.50
22-09-2021,19.62,28,31.60,17.55,42.40,34.90,43.50,35.95,44.20,29,16.50,54,10.90,61.40,14.99,45.06,39.00,62.10,29.75,31.34,35.05,40.10,54,27.95,58.17,32.85,13.40,59.00,20.55,14.42,14.95,17.65,33.63,36.37,64.20,11.14,68.30,16.10,6.95,48.50,14.75,24.50,118,49.60,85.50,101.80,32.20,55.91,34.85,22.74,5.48,68.20,15.24,40.03,73,7.15,8.25,50.90,4.18,46.60
21-09-2021,18.35,28.95,31.80,16.90,42.50,34.80,42.80,38.65,44.60,29,15.85,53.70,10.80,61,14.91,44.86,39.00,62.30,27.95,31.38,32.80,38.40,54.40,27.45,54.92,31.90,13.25,59.00,20.15,13.47,14.40,17.35,33.33,36.18,61.80,11.14,66.50,15.65,6.50,47.70,14.60,24.70,117.20,49,85.50,101,32.10,55.72,35.15,22.25,5.13,68.50,14.29,39.88,72.90,6.69,8.14,50.80,3.91,46.70
20-09-2021,18.94,27.90,32.10,16.15,43.70,34.65,43.30,41.55,44.40,29.50,16.05,54.30,10.80,65.10,14.75,46.35,39.00,63.40,26.85,31.58,30.70,36.85,53.80,27.50,53.15,31.50,12.40,59.89,21.35,13.57,14.65,17.55,33.43,36.27,62.90,11.14,66.50,16,6.17,49.10,14.25,24.75,117,48.70,86.90,101,32,54.28,35.50,22.55,5.20,66.70,14.52,40.79,68.20,6.71,8.08,51.30,3.84,45
17-09-2021,19.62,27.10,31.60,15.70,43.60,34.95,43.95,39.50,43.20,29,16.40,54.50,10.80,63.70,14.99,47.39,39.00,65,27.60,31.66,28.70,36.85,53.90,28.10,52.85,29.65,12.30,60.18,20,13.71,14.60,17.90,33.14,36.08,60.40,11.27,67.29,16.40,5.77,50.80,14.55,25.05,115,49.70,87.90,102.20,34.05,55.82,35.70,23.09,5.15,69.80,14.52,40.48,67,6.67,7.56,51.80,3.61,47
16-09-2021,19.33,27.30,31.30,15.60,43.50,35.20,43.85,38.90,46.30,29.20,16.25,54.10,11,63.50,14.87,47.64,39.00,64.10,27.40,31.18,26.85,35.80,54.20,27.20,53.74,29,12.25,59.59,20.10,13.43,14.45,17.90,33.04,35.66,60.40,11.09,67.19,17.70,5.73,51,14.70,24.80,109.70,48.90,87.70,99,33.10,55.62,34.95,23.09,5,69.30,14.43,39.35,65,6.67,7.07,51.30,3.60,47
15-09-2021,19.77,27.10,31.20,15.60,42.40,35,43.30,41.80,48,29.50,16.25,54.10,10.75,63,14.99,47.64,39.00,67.30,26.70,30.71,25.10,33.85,54.50,27.30,53.34,28.35,12.35,59.49,20.50,13.38,14.20,18,32.99,36.37,61.20,11.09,67.00,17.65,5.86,51.20,14.90,25,117.50,48.60,87.40,101.90,32.40,56.10,35.35,23.23,5.01,70,14.52,40.03,64.50,6.75,7.05,51.60,3.65,46.75
14-09-2021,19.52,28.10,31.50,15.10,42.40,34.20,44.30,39.10,47,29.60,15.90,54.30,10.80,62.40,14.43,48.14,38.61,65.10,26,30.63,25.80,33.80,53.90,26.20,53.24,28.10,12.10,61.95,21.10,13.00,14,17.50,33.14,37.03,59.90,11.32,67.00,17.10,5.70,49.50,14.95,25.25,116.70,47.95,86.60,102.70,31.75,55.82,35.70,23.48,5.01,72.30,14,38.83,64.90,6.45,7.03,50.30,3.59,43.75
13-09-2021,19.33,28.10,31.90,15.30,43.10,34.10,45,36.55,50,29.80,15.75,55.90,10.70,64.30,14.43,48.14,38.61,60.90,26.55,30.99,24.30,33.40,54.10,27.20,53.84,27.90,12,60.48,19.75,13.66,14.30,17.70,33.09,34.62,56,11.27,67.68,16.90,5.53,51.10,14,25.10,109.10,48.60,85.90,101.20,32.55,56.30,35.60,23.77,5.10,71.50,14.24,40.18,65,6.47,7.10,50.80,3.36,43.80
10-09-2021,18.74,27.10,32.30,15.30,44,34.60,45.50,34.20,50.50,28.70,16.35,55.40,10.70,64.80,14.99,47.99,39.49,57,27.35,31.38,22.75,33.80,53.90,28.10,55.22,28.10,11.80,60.48,19.50,14.13,14.30,18.55,33.19,32.64,54.60,11.46,68.77,17.45,5.50,53.70,14.35,24.95,102,48.45,84.40,100.20,33.70,58.50,35,22.94,4.98,68.40,14.71,41.61,65.90,6.46,7,51.50,3.36,44.90
09-09-2021,18.74,28.30,32.45,15.35,42.80,34.50,46.10,32,51.20,27.80,16.50,51.80,10.80,63.30,15.03,48.24,40.19,56.30,27,31.50,22.20,33.60,53.90,28.50,54.13,27.50,11.70,62.44,20,14.09,14.20,18.85,33.28,32.78,54.50,11.27,67.68,17.60,5.43,54,14.70,24.80,95.70,48.85,84.20,100.90,34.10,58.98,35.60,23.38,5.07,68.80,14.90,41.84,65.50,6.29,6.89,51.90,3.36,44.90
08-09-2021,18.94,28.30,32.15,15.20,44.40,34.70,45.55,33,51.90,27.60,16.15,48.50,10.65,62,14.91,48.34,40.19,56.10,28,31.34,21.25,33.20,53.90,28.10,53.44,26.95,11.50,62.54,19.50,13.19,14.20,18.40,32.55,32.26,53,11.14,67.09,17.40,5.47,53.50,14.70,24.65,93,47.90,84,102.50,33.60,59.46,35.50,22.16,5.04,65.60,14.62,41.61,65.10,6.22,6.83,51.30,3.37,43.45
07-09-2021,19.13,28,32.50,15.40,45.90,34.80,46.90,34.20,51.40,27.70,15.90,49.40,10.55,62,14.91,47.64,40.19,56.10,27.20,31.42,22.80,33.10,55,28.55,54.53,27.35,11.95,62.54,20.10,13.47,14.30,18.50,33.14,33.02,53.70,11.14,68.37,17.20,5.54,53,14.60,24.65,92.80,48.30,83.90,103.60,33.30,56.10,35.35,21.91,5.10,67.30,14.81,42.44,65,6.46,6.98,50.70,3.39,42.10
06-09-2021,19.28,27,32.05,15.95,46.80,35.55,47,32,55.20,28,17.05,49.30,10.80,62,16.00,48.14,40.19,56,28.50,30.95,24.40,34.20,55.70,28.40,55.61,27.95,12.25,61.95,19.20,14.32,13.95,19.45,33.72,34.01,53.60,11.64,69.95,17.80,5.63,52.10,14.70,25.40,91.20,50.10,84.60,105,34.90,58.79,36.60,22.20,5.18,67.20,15.48,41.92,67.30,6.74,7.15,51.20,3.55,42.85
01-09-2021,19.57,27.50,32,15.40,44.50,34.80,47.80,31.90,53,27.40,17.05,49.35,10.70,62,15.19,47.64,40.19,56,28.60,30.87,22.85,34.60,54.50,27.80,56.00,27.50,11.95,61.95,19.55,13.43,13.85,18.20,33.24,31.79,52.70,10.91,68.97,16.75,5.47,50.20,14,26,85.30,49,84,110,35.65,59.94,37.50,21.72,5.13,64.20,14.48,41.39,66,6.60,7.08,49.20,3.37,40.05
31-08-2021,19.33,27.50,32,15.20,41.60,34.85,48,34.30,53.70,27.40,15.95,49.50,10.85,62,14.23,46.55,41.07,56,29.40,30.83,21.40,34.85,53.70,27.80,56.20,26.35,12.29,61.95,20.50,12.58,13.80,17.70,32.80,31.46,52.80,10.81,69.36,15.90,5.38,51.70,14,25,86.70,45.80,85.20,111.50,34.90,60.23,36.80,21.76,5.10,60,14.05,41.16,65.90,6.42,7.11,49.30,3.37,39.90
30-08-2021,19.77,27.50,32.15,15.05,41.35,34.70,47.10,32.10,53.70,27.80,15.85,49.80,10.80,62,14.35,44.17,40.98,54.30,29.40,31.22,20,34.60,53.60,27.80,54.23,26.45,12.24,61.95,19.60,12.77,14,18.25,32.65,31.56,51,10.81,68.08,16.10,5.48,52.20,14,24.60,85.30,46.10,83.90,108.60,33.70,58.12,36.35,21.67,5.05,59.70,14.33,41.84,65,6.21,7.21,48.70,3.26,39.70
27-08-2021,20.40,27.50,31.75,14.47,41.30,34.20,47,32.10,50.20,27.30,15.20,48.75,10.50,62,13.66,43.47,40.98,54.10,27.90,30.63,18.70,33.95,53.40,27.80,52.65,25.35,11.76,61.95,20.50,11.97,13.90,17.25,32.36,31.18,50.80,10.49,65.32,15.90,5.30,50,14.45,24.60,85.30,45.60,82.80,101.50,33.70,54.38,36.80,21.03,5.05,59.10,13.81,40.33,64.50,6,7.30,47.60,3.17,38.25
26-08-2021,20.21,27.50,31.95,14.57,41.30,33.70,47,31.90,47,27.30,14.25,48.25,10.95,60.30,12.78,44.07,38.01,54.90,26.10,30.55,18.10,32.95,53.50,26.70,51.86,24.65,11.62,62.94,19.20,11.59,14.10,17,32.75,31.04,50.10,10.12,63.74,15.30,5.32,47.40,13.55,24.15,86,44.80,83,94.90,32.55,50.83,35.80,21.13,5.02,59.20,13.33,39.43,63.50,6,6.98,47.70,3.14,38.10
25-08-2021,19.47,27.50,32.45,14.57,41.50,33.10,47.55,29.85,47.50,27.40,14.35,47.60,10.45,60.30,12.90,44.17,38.01,53.90,25,31.22,18.85,32.85,53.60,27.00,51.96,24.75,11.81,61.76,19.80,11.68,13.90,16.90,32.75,29.91,50.20,10.12,64.24,14.90,5.41,47.90,13.40,23.20,85,44.55,82,93.50,32.70,49.97,33.90,20.84,5,55.40,13.38,40.86,64,5.99,6.71,48.40,3.15,38.70
24-08-2021,19.08,27,32.30,14.57,41.15,32.85,47.45,27.90,48.90,27.50,13.80,47.70,10.90,63.50,12.82,44.17,38.01,53.60,25.25,31.18,17.65,32.33,53,26.61,51.86,24.45,11.57,59.99,19.40,11.64,13.75,16.95,33.33,29.91,50.80,9.71,63.65,14.80,5.54,48,13.70,23.60,86.80,44.50,82.10,93.70,30.60,49.68,35.40,21.03,5,54.20,13.10,40.11,62,5.99,6.82,47.75,3.18,37.60
23-08-2021,18.55,27.50,32,14.62,41.90,32.90,47.50,30,50.90,27.60,14,47.70,10.90,62.30,13.70,44.62,39.99,53.70,23.60,31.10,16.50,32,53.50,28.36,51.27,24.35,11.52,59.99,19.80,11.87,13.70,17.55,33.58,31.13,49.10,9.80,64.04,14.90,5.70,48.15,13.75,24.50,84.00,44.55,82.50,95.10,32.45,50.35,37.20,20.64,5,56,13.14,43.05,62.50,6.01,6.90,47.50,3.29,37.50
20-08-2021,19.52,27.50,33.60,14.81,41.90,33.60,49.30,32,51.50,28.60,14.75,48,10.60,66.10,13.78,45.16,41.17,55,24,32.05,16,34.25,55.30,26.42,52.65,25.55,11.62,62.15,20.15,12.72,13.60,17.70,33.43,31.60,45.90,9.76,65.81,15.30,5.66,47.80,14,23.65,83.30,45.50,85,95.60,32.50,50.35,36.15,21.72,5.11,55.90,14,42.97,64,6.19,7.20,49,3.41,38.75
19-08-2021,20.69,28,35.30,15.05,42.10,33.60,51,31,50.50,29.40,15.75,48.85,10.85,68.90,13.82,45.16,41.17,57.30,25.60,33.64,16,35.58,55.80,27.48,54.23,26.30,12.29,63.82,20.40,13.29,13.50,18.60,33.28,30.66,44.90,10.31,66.31,16.25,5.43,48.40,14.60,23.40,81.52,45.55,88,97.50,34.80,51.79,34.90,22.40,5.11,53.30,14.81,42.52,65.30,6.28,7.50,50.90,3.47,40.45
18-08-2021,21.23,27.60,35.55,15.10,41.90,33,51.20,30.80,47.20,29.50,15.60,48.50,10.95,69,12.94,44.67,41.17,57.40,26.20,33.76,16.35,35.42,55.80,26.81,53.93,26.20,12.24,63.03,20.60,13.14,13.40,18.10,32.16,30.19,44.90,9.66,65.81,16.10,5.39,47.60,14.90,23.45,81.52,45.40,87.80,94,34,50.16,34.80,22.69,5.25,53.60,14.43,42.14,64.90,6.30,7.48,50.40,3.43,39.90
17-08-2021,21.47,27.60,35.60,14.91,42,31.80,52.50,33,47.50,29,15.40,49,10.65,69,12.98,44.17,41.27,57.50,25.60,33.99,16.50,34.96,56.80,26.23,52.85,25.40,12.19,63.43,20.20,13.00,13.50,18,32.16,30.47,45.45,9.66,66.11,16.55,5.42,44.50,14.70,23.70,81.71,44.10,88.30,93.20,32.15,50.83,36,23.62,5.27,54.80,14.48,41.46,65,6.34,7.40,50.40,3.50,39.80
16-08-2021,21.67,27.40,35.70,14.72,42.10,31.90,52.50,31,48.80,29.20,15.25,49.20,10.55,68.50,13.50,44.17,39.49,57.70,26.70,34.27,17,35.42,57.30,26.61,53.44,25.85,11.95,64.02,19.20,13.47,13.50,18.50,32.26,31.04,45.75,9.99,66.50,16.35,5.45,42.95,14.40,23.45,81.02,46.50,87.90,94.30,33.90,49.39,36.55,22.11,5.16,57.70,15,41.99,66.30,6.35,7.41,49.45,3.40,38.10
13-08-2021,21.13,27.40,35.35,14.43,42.10,31.95,49.90,33.25,46.80,29.20,15.60,49.45,10.70,76,13.22,43.77,39.49,57.60,26.70,33.68,16.45,34.75,57.60,24.19,53.64,25.85,11.19,64.90,20.10,12.72,13.50,18.65,32.16,32.26,44,10.31,67.00,16.20,5.46,42.65,13.50,23.45,79.38,45.95,86.30,93.60,34,47.95,34.75,20.69,5.20,55.50,14.86,39.88,66.50,6.28,7.44,48.65,3.40,37.50
12-08-2021,21.13,27,35.30,14.62,42,31.60,50.60,35.70,45.80,29.80,15.50,49.65,11,76.60,13.10,44.67,41.17,57.70,26.50,33.87,15.40,34.58,57.70,23.23,54.53,25.80,11.05,64.90,18.80,12.86,13.50,18.20,32.41,33.02,43.55,9.66,67.09,16.40,5.58,42.70,13.10,22,79.33,47.50,88,94,32.55,46.99,32.50,19.37,5.25,59.10,14.33,38.30,62.60,6.35,7.62,48.40,3.48,37.55
11-08-2021,21.28,27.20,36,14.76,41.95,31.25,50,33.70,47.50,30.30,14.95,49.70,11,84,13.38,44.17,41.17,57.40,25.30,34.11,15.10,35.50,57.80,22.26,53.44,24.50,10.95,65.89,19.80,12.81,13.45,17.05,32.12,32.64,43.40,9.05,65.02,15.65,5.64,42.50,13.30,23.60,81.52,45.40,89.50,94.20,30.60,46.71,34.85,19.37,5.36,63.50,13.43,38.45,63,6.33,7.67,48.95,3.42,38.25
10-08-2021,20.99,27.50,36.35,14.72,42.35,29.25,51.30,31.50,48.40,28,14.40,49.20,11,81.10,12.53,45.51,41.17,55.80,25.90,34.27,15.40,33.96,57.20,23.03,52.65,24.40,11.10,65.89,18.80,11.97,13.50,17.20,31.77,30.52,46.15,8.87,63.94,15.55,5.41,42.50,13.50,22.85,80.97,45.50,90.30,94.80,30.30,46.99,32.60,18.98,5.39,59.40,13.62,38.98,64.20,6.26,7.80,49.40,3.44,38.75
09-08-2021,21.77,27.10,36.50,14.67,43.45,29.50,52,31.90,49.60,27.50,14.20,49.20,10.40,73.73,11.73,46.45,41.37,55,24.90,34.15,15.35,33.92,56.70,22.94,53.15,23.90,10.95,66.77,18.10,11.97,13.50,17.45,31.68,29.72,46.95,8.88,64.93,15.50,5.41,42,13.60,22.65,79.33,44.75,90.50,94.30,30.80,47.43,31,19.07,5.40,55.60,13.62,39.05,63.70,6.18,7.60,49.70,3.47,38.80
06-08-2021,22.11,26.90,35.55,14.33,43.80,29.70,52.10,30.30,46.90,27.50,13.30,49.85,10.85,67.02,11.24,44.37,41.37,54.40,23.80,33.95,14.50,33.58,56.80,21.58,53.05,23.55,10.38,63.43,18,11.64,13.50,17.15,31.48,29.15,45.30,8.88,64.43,14.50,5.39,42,13.55,21.20,77.04,44.50,90,95.60,29.05,46.18,29,19.07,5.45,52,13.57,37.17,62,6.19,7.64,48.40,3.51,38
05-08-2021,22.06,27,36,14.33,43.68,30.05,52.70,30.20,45,27.50,13.40,49.80,10.55,65.11,11.37,41.49,41.37,54,24.20,33.99,14.40,34.83,56.80,21.97,52.85,23.50,10.48,59.00,18.50,11.64,13.60,16.70,31.87,28.96,45,9.02,62.66,14.35,5.34,41.60,13.60,21.50,77.04,42.40,90.50,94.90,27.75,46.08,28.80,19.37,5.46,48.75,13.43,38.07,62,6.24,7.77,48.80,3.47,38.60
04-08-2021,22.30,27,35.50,14.09,43.55,29.85,53.80,29.70,45.50,27.30,13.20,49.10,10.90,64.15,11.37,41.39,41.37,53,24.10,34.03,14.50,35.17,56.80,21.77,53.05,23.50,10.33,58.81,18,11.64,13.50,16.55,31.87,29.10,44.10,9.05,62.96,14.35,5.23,41.50,13.70,20.60,78.33,42.30,89,95,27.20,46.42,27.20,19.47,5.15,48.80,12.90,37.54,60.80,6.09,7.57,47.50,3.25,37.50
03-08-2021,20.89,27,35.80,13.84,42.96,30.90,54.10,30.70,45.20,27.30,13,48.55,10.55,60.32,11.08,41.49,41.37,53,23.80,34.31,14.45,35.13,56.80,21.39,51.96,23.60,10.48,59.00,17.60,11.40,13.50,16.55,31.68,29.10,44.75,8.56,63.55,14.40,5.21,41.45,13.75,20.85,78.04,42.30,89.50,93.80,25.85,46.80,27.15,19.71,5.09,49,12.57,37.32,61.30,5.97,7.12,47.25,3.21,37
02-08-2021,19.52,27.20,35.55,13.51,42.83,30.40,54.70,30.45,46.20,27.90,13.05,48.50,10.40,60.32,10.60,41.49,41.37,53.80,22.37,33.68,14.40,34.08,57.20,20.81,51.57,23.50,9.95,56.05,18,11.21,13.50,16.25,31.97,27.83,45.40,8.49,61.77,14.30,5.22,41.60,13.70,20.60,74.31,42.40,88.60,93.90,25.30,46.80,26.60,19.56,5.04,47.20,12.67,36.26,59.80,5.95,7.45,47.25,3.23,37.40
30-07-2021,19.91,27.10,36.15,13.31,42.92,29.90,53.50,30.40,45.75,27.20,12.70,48,10.90,60.32,9.91,41.49,41.37,54.50,21.94,32.53,14.70,33.50,56.20,21.10,50.38,22.60,10,57.04,18,11.31,13.50,16.10,32.16,28.58,42.45,8.51,62.07,14.20,5.22,41.85,13.70,20.20,73.96,41.20,83,93.60,25.60,46.47,25.55,18.29,5.01,44.15,12.86,36.07,59.60,5.96,7.75,47.30,3.17,37.30
29-07-2021,19.47,27,34.15,13.26,42.20,29.80,55.40,30.30,45.40,27.20,12.90,48,10.80,58.22,9.87,41.19,41.47,54.40,21.47,32.45,14.75,33.50,55.80,20.81,49.69,22.50,9.95,57.04,18.20,11.02,13.40,16,31.97,29.25,39.70,8.47,58.62,14.10,5.23,41.50,13.60,19.30,73.16,41,82.70,94.10,25.15,46.13,24.30,18.24,5.04,42.15,12.62,35.40,60,5.96,7.74,47.10,3.17,36.90
28-07-2021,18.89,27,33.15,13.26,41.39,28.90,56,30.50,44.40,27.20,12.80,47.95,10.10,58.22,9.55,40.25,41.47,51.50,21.61,32.05,14.70,33.13,57,20.13,49.50,22.50,9.95,55.27,19,11.02,13,16.05,31.19,29.25,39.80,8.46,58.42,14.10,5.23,41.50,13.50,18.75,69.83,40.90,82,93.50,24.95,46.13,23.30,18.15,5,41.50,12.29,34.60,56.10,6,7.90,46.70,3.12,35.90
27-07-2021,18.45,27.60,33.15,13.26,40.67,28.60,54.10,31.05,44.30,27.10,13.15,48,10.50,58.22,9.67,40.89,42.36,48.20,22.75,31.82,14.85,34.17,57.90,20.32,49.79,22.30,10,55.27,19.25,11.31,13.40,16.20,31.38,29.25,39.55,8.47,58.72,14.20,5.25,41,13.50,18.90,72.57,41,81.40,94,24.50,46.42,23,18.29,5,41.65,12.29,34.64,58,5.93,8.13,46.20,3.13,35.70
26-07-2021,18.11,27.60,32.70,13.55,41.03,29,50.60,31.70,43.90,27,13.15,48.50,10.80,58.22,9.79,40.69,42.36,50.90,23.23,31.66,14.10,35.79,56.80,19.74,49.89,22.50,10.05,54.28,18,11.40,13.05,16.20,31.48,28.77,38.40,8.42,58.62,14.15,5.25,41.70,13.60,18.95,72.72,41,80.60,94.90,24.65,46.27,22.95,17.95,4.78,41.55,12.19,33.70,58.60,5.91,8.08,45.60,3.10,34.40
23-07-2021,19.03,26.90,33,13.70,40.85,28.30,50.60,32.70,45.40,27.10,13.40,48.50,10.80,58.60,9.75,41.34,42.26,51.90,21.99,31.82,14,33.96,56.40,19.74,49.69,22.55,10,54.09,19.05,11.17,13.75,16.20,31.48,29.15,35.90,8.42,59.11,14.10,5.30,41.80,13.50,18.40,68.59,41.40,80.80,92.80,23.50,46.13,22.05,18.00,4.90,39.40,12.14,34.11,58.10,5.90,8.25,45.80,3.08,34.95
22-07-2021,19.52,27.10,34.10,13.84,40.85,28.45,51.10,31.15,46.20,26.80,13.20,49,10.85,58.60,9.67,41.19,42.46,52,23.04,32.45,14.10,34.13,56.30,19.94,50.09,22.45,10,55.56,19.90,11.40,13,16.30,31.09,29.25,36,8.42,59.31,14,5.31,41.60,13.50,18.20,70.28,41.40,79.04,93.50,23.50,46.42,22.10,17.95,5.05,39.55,12.43,35.17,58.50,5.93,8.44,47.20,3.15,36.30
21-07-2021,19.91,27.10,33.80,13.55,40.71,28.75,50.70,29.15,45.50,26.90,12.35,50,10.85,57.55,9.07,38.51,42.26,51.30,22.18,32.21,14.20,31.92,56.10,19.74,48.81,22.25,9.95,55.56,18.60,10.69,13.80,16,30.85,29.25,35.45,8.28,58.72,14,5.20,41.60,13.50,17.40,66.90,41,76.98,93,22,47.09,21.65,17.80,4.95,39.50,12,34.75,57.20,5.80,8.12,46.75,3.04,35.80
20-07-2021,21.18,25.80,33.90,13.46,40.58,26.90,50.40,29,45.20,26.90,12.10,49,10.95,56.97,9.15,39.40,38.61,51.30,22.66,32.45,13.90,30.92,56.50,20.32,49.20,22.40,9.95,54.09,17.40,10.65,13.90,15.85,31.19,27.74,35.60,8.19,58.92,14.20,5.24,41.60,13.50,17.45,62.53,41,76.98,93,22.30,46.51,21.80,17.80,4.96,38.55,11.95,35.81,57.20,5.80,8.10,47.30,3.10,35.40
19-07-2021,20.16,25.80,32.15,13.26,40.85,25.50,50.30,29,47.90,26.90,11.75,50.40,10.40,56.97,8.91,39.99,38.61,51.30,21.52,31.38,13.75,30.92,55.50,19.16,47.33,22,9.81,52.41,17,10.18,14,15.60,31.19,28.16,34.75,8.18,58.62,13.50,5.19,41.50,13.30,16.60,61.63,41,76.66,93.90,22,48.14,20.80,17.90,4.91,38.80,11.86,33.55,55.90,5.63,8.24,44.30,3,33.10
16-07-2021,21.67,28.10,33.60,13.75,41.39,25.60,50.60,29.30,51,27.40,12.50,48.90,10.60,58.89,9.51,42.34,42.46,53.70,21.80,33.64,14.10,31.71,56.80,20.52,50.29,22.50,10.19,54.09,17.30,10.69,14,16,31.19,27.36,35.60,8.38,59.31,14.20,5.47,42,13.50,17.50,64.71,42,76.66,92,23.65,45.36,21.30,18.00,5.09,38.40,12.52,36.04,53,6.02,8.86,46.75,3.22,35.50
15-07-2021,22.94,28.20,32.75,13.94,41.07,25.10,50.70,28.10,51,27.30,12.10,48.80,10.40,58.89,9.47,44.46,42.46,54,21.42,33.80,14.15,32,56.50,20.81,49.79,22.45,10.19,54.09,16.60,10.36,14.20,15.75,30.70,28.30,35.55,8.10,59.61,14.40,5.45,41.65,13.40,17.20,65.86,42,76.82,92,22.95,45.03,20.65,18.19,5.11,35.90,12.71,36.34,49.55,6.05,8.96,46.50,3.20,36
14-07-2021,24.40,28.20,31.75,13.84,40.89,24.80,50.40,29.40,50,27.60,11.60,48.60,11,58.60,9.39,47.80,42.95,54.50,20.37,33.72,14.15,30.88,55.10,19.94,49.30,22.30,9.86,54.28,16.60,10.08,13.45,15.70,30.07,28.30,36.30,8.01,58.72,14.40,5.44,41.20,13.40,17,64.37,40.80,76.66,92.10,22.75,44.31,20.05,17.71,5.10,34.80,12.14,34.75,49,6,8.71,45,3.12,34.40
13-07-2021,25.43,28.20,32.90,13.51,41.03,24.95,50.50,29.30,49.90,28,11.50,48.25,11,62.33,9.11,51.38,39.49,54.50,20.94,33.56,14.15,31.29,55.90,20.13,49.99,22.15,9.90,53.40,17,10.18,13.30,16,30.07,28.30,36.90,7.82,60.10,14.50,5.40,41,13.50,17.10,66.95,42.10,77.61,93.90,22.80,44.50,20.55,17.80,5.10,35.50,12.05,35.81,50,6.10,8.70,45.50,3.23,33.95
12-07-2021,23.77,27.40,32.75,13.31,40.67,24.70,50.40,29.50,50.50,28.20,11.40,48.10,11,62.52,9.07,49.61,40.32,54.20,20.90,33.24,13.25,31.33,55,18.77,49.60,22,9.71,54.58,16.90,10.36,12.70,16,29.39,28.30,35.40,7.73,61.08,14,5.05,41,13.50,16,68.59,42.30,77.61,92,22.80,44.36,19.80,18.10,4.86,35.50,11.95,33.74,50,5.77,8.65,44.95,3.02,33
09-07-2021,22.25,28.10,35.20,14.23,42.29,25.20,51.20,30.75,54.30,30.80,12.25,50.20,10.45,61.28,9.71,52.56,37.85,58.20,21.61,35.54,14.20,32.75,57,20.81,52.36,23,10.10,55.56,17.05,10.93,13.50,17.20,30.21,29.53,37,8.28,62.86,14.60,5.43,41.80,14,17.05,72.02,43.15,81.25,93.30,23.50,45.65,20.40,18.88,5.22,35.90,12.81,36.26,50.50,6.20,9.30,47.30,3.24,35.45
08-07-2021,20.84,28,36.20,14.57,42.47,25.50,51.40,30.60,56.50,30.80,12.75,50.30,10.70,60.32,10.16,52.76,37.03,58.50,21.61,36.25,14.70,31.58,57.20,22.65,54.13,23.40,10.05,55.36,17.50,11.35,13.50,17.70,30.70,29.06,37.30,8.38,61.97,14.95,5.54,42.50,13.76,17.65,71.33,43,83.95,93.90,23.20,46.23,20.75,19.17,5.34,34.60,13.33,38.15,50.30,6.50,9.99,49,3.47,37.10
07-07-2021,22.40,28.20,36.55,14.72,42.29,25.50,51.20,30.70,55.20,31.70,12.60,51,10.90,60.32,10.16,52.76,35.38,61.50,21.71,36.01,14.55,30.92,57.60,22.94,53.74,23.40,10.24,55.36,17.20,11.31,13.60,17.35,31.24,29.06,37.30,8.51,60.10,14.50,5.54,42.50,13.81,17.95,66.85,42.95,84.03,94.50,22.50,46.23,21.50,19.17,5.20,34.15,13.33,38.45,49.55,6.45,9.99,49.90,3.42,38.90
06-07-2021,24.06,28.10,36,15.20,42.83,25.25,50.60,31.70,55.20,38.20,13,51,10.90,60.32,10.24,52.95,34.97,62.10,21.13,34.82,14.50,30.75,57.40,22.26,55.12,23.75,10.33,56.35,17.20,11.31,13.70,18,31.68,29.25,37.60,8.53,60.10,14.55,5.70,42.70,13.81,18.15,63.37,43.15,80.38,94.80,23.20,46.99,20.90,19.37,5.33,33.50,13.62,37.24,47.10,6.65,10.30,48,3.44,38.70
05-07-2021,25.87,28.40,37.95,15.78,42.92,25.50,51.40,33.15,55.30,38.70,13.55,51.60,11,60.32,10.28,53.05,35.79,61.20,22.28,36.92,15.50,31.63,57.60,24.68,57.39,24.30,10.48,56.35,17.20,11.97,13.60,18.35,31.97,29.25,39,8.70,61.87,14.80,5.75,43.45,13.71,18.72,68.09,43.10,82.05,94.50,24.90,48.72,22.45,19.86,5.55,35.25,14.05,40.03,50.60,6.87,10.40,51.20,3.69,41.60
02-07-2021,27.62,28.20,36.10,15.97,43.10,25.90,51.60,31,57,38.80,13.85,51.40,10.70,61.28,10.36,53.05,35.79,62,21.90,37.24,16,30.50,58.80,24.97,58.27,24.40,10.67,56.54,18,12.30,14,18.95,32.16,29.81,39.40,8.86,63.55,15.10,5.85,43.40,13.71,19.25,65.56,43.30,83.31,94.10,25.50,49.30,22.95,20.10,5.75,33.50,14.38,41.09,52.20,7.06,10.65,52.30,3.83,42.40
01-07-2021,28.99,28.40,35.95,14.96,42.92,26.10,51.80,30,58.50,39,13.95,51.80,11.10,62.24,10.28,53.25,35.79,62,21.52,37.44,16.10,30.50,58.90,23.90,58.17,24.50,10.76,56.54,17.20,12.53,14,19.05,32.31,30.94,38.60,8.88,63.84,15.40,5.84,43.50,13.67,19.78,64.52,43.60,83.87,95.70,25.95,49.58,23.10,20.44,5.80,32.10,14.52,40.71,53.20,6.96,10.80,52.80,3.75,42.60
30-06-2021,29.58,28.40,35.70,14.96,43.37,25.90,51.20,29.60,58.60,38.60,13.90,51,10.70,63.67,10.20,53.44,35.79,65.60,21.99,37.40,16.15,30.71,59.30,21.77,57.58,24.55,10.86,57.03,16.60,12.44,14,19.10,32.65,30.57,37.30,8.88,63.74,15.40,5.80,43.50,13.62,20.11,64.42,43.45,83.16,95.60,25.65,49.39,23.10,20.05,5.90,30.50,14.71,38.52,51.90,6.95,10.80,51.50,3.84,41.90
29-06-2021,30.36,28.30,36.45,14.91,43.01,25.30,51,30,59.30,38.60,14.20,51,10.70,62.24,10.32,53.44,35.79,65.60,22.37,37.12,16.40,30.83,59.30,22.07,58.27,24.55,10.71,57.03,16.50,12.48,14.15,19.15,32.21,30.09,36.50,8.84,63.94,15.55,5.94,44.30,13.90,19.78,61.34,43.40,84.11,95.30,26.10,49.68,22.22,20.35,6.04,30.40,14.90,38.00,50.50,6.96,10.90,51.80,3.90,42
28-06-2021,29.87,28.40,36.70,15.01,43.01,25.50,50.90,30,58.90,38.80,13.95,50.70,11,62.24,10.52,53.44,35.79,65.50,22.09,37.12,16.55,31.21,60.10,22.07,59.16,24.80,10.90,56.93,17.20,12.39,14.15,19.20,32.07,29.25,36.60,8.84,65.02,15.65,5.95,44.30,13.90,19.59,61.48,43.90,84.50,95.60,26.40,49.87,22.17,20.35,6.01,30.70,14.90,36.94,53.10,7.05,10.85,52.40,3.92,42.75
25-06-2021,29.87,28.40,36.35,14.91,42.92,25.60,50.30,30,59.60,38.60,13.85,50,10.80,62.52,10.24,53.64,35.46,65.80,21.66,36.05,16,30.83,59.50,21.97,57.48,24.90,11.05,57.03,16.90,12.30,14.10,19.05,32.16,29.15,36.90,9.19,64.43,15.65,5.99,44.45,14.05,19.35,62.38,43.60,82.36,95.60,25.60,50.16,22.03,20.54,6,30.95,15.10,36.45,51.84,7.05,11.05,50.70,3.91,41.30
24-06-2021,30.65,28.40,36.20,14.67,43.14,25.45,50.10,30.30,58.80,38.70,13.95,51.20,11.10,62.52,10.32,53.64,35.46,64,21.42,35.77,16.50,30.83,59.30,20.81,57.19,24.90,11.05,57.51,16.70,12.44,14.15,19.30,32.16,29.15,36.25,9.16,64.53,15.70,5.98,44,14.10,19.06,60.59,43.80,83.16,96,25.40,49.87,21.64,20.54,6.01,29.65,15.33,34.08,51.52,6.96,11.05,50.60,3.95,40.50
23-06-2021,31.14,28.50,35.80,15.01,43.28,25.50,49.90,30.40,61,38.60,14.35,51.90,11.20,62.52,10.56,53.64,35.87,67,21.66,35.93,16.85,31.38,59.70,20.71,57.98,25.40,11.24,57.03,16.70,12.63,14.15,19.60,32.16,29.34,36.25,9.25,64.43,16.30,6.07,43.60,14,19.30,59.65,44.35,83.16,95.60,25.70,50.35,21.79,20.98,6.11,29.70,15.57,34.75,51.52,7.03,11.10,51.40,3.97,41.15
22-06-2021,31.77,28.30,35.65,15.20,43.64,25.60,50,30.45,61.60,38.90,14.70,52.40,11.10,62.43,10.55,53.84,35.79,67.10,22.18,35.62,17.40,31.75,60.80,20.61,59.06,25.40,11.33,57.03,17.10,12.77,14.15,20.15,33.04,29.43,35.50,9.57,61.77,16.40,6.11,43.60,13.81,18.96,61.63,44.80,84.90,95.80,26.70,50.54,22.13,21.47,6.16,30.30,15.24,33.55,51.52,7.23,11.45,51.70,4.15,41.80
21-06-2021,32.41,28.30,34.75,15.20,43.64,25.20,50.50,28.50,63,38.90,14.80,52.20,10.75,65.01,10.59,53.54,36.12,67.50,22.09,35.62,16.80,31.83,60.60,20.32,58.86,25.80,11.24,56.54,16.90,13.14,13.90,19.55,33.14,29.72,35.50,9.25,61.67,16.20,6.10,43.70,13.71,19.49,62.63,45.10,85.45,95.50,26.90,49.97,22.42,21.23,6.20,30.50,15.05,33.02,51.44,7.50,11.75,51.20,4.25,42.20
18-06-2021,32.11,27.90,35,15.20,43.01,24.65,50.80,28.70,66.80,39,14.35,51.50,10.80,65.01,10.51,54.03,34.97,64,22.90,36.53,17.10,32.17,60.90,21.29,60.15,25.80,11.14,56.16,16.50,13.14,13.90,19.30,33.14,29.25,35.40,9.05,61.58,16.15,6.24,43.90,13.81,19.44,64.07,45.20,84.66,95.90,27.05,49.20,22.13,19.86,6.05,31.10,15.52,33.62,50.40,7.44,11,52.10,4.15,43
17-06-2021,32.99,28,34.90,15.01,43.01,24.00,50.50,28.70,62.80,39,14.50,51.20,11.20,65.01,10.62,54.03,34.97,62.10,22.90,36.33,17.30,31.08,61.40,21.39,61.13,25.40,11.05,56.06,16.80,13.14,13.90,19.10,33.24,29.25,35.10,8.83,61.58,16.35,6.09,43.35,13.90,19.35,63.07,45.30,84.58,95,26.30,47.57,21.01,20.05,6,31,15.62,33.51,50.32,6.96,11,51.40,4.15,41.80
16-06-2021,35.04,27.90,34.70,15.15,43.19,23.62,50.50,28.70,62.50,39,13.95,51.40,11,65.01,10.40,53.94,34.97,62.30,23.80,35.85,16.95,30.17,61,21.10,59.46,25.69,11.19,55.87,16.80,13.24,13.80,18.80,33.43,29.25,35.50,8.79,61.97,16.10,5.85,42.60,14.19,18.87,62.63,43.90,84.26,95,26.30,47.23,20.67,19.37,6.02,29.95,15.14,33.55,50.40,6.84,11.05,51.80,4.04,40.50
15-06-2021,34.55,26.80,35.35,14.18,43.64,23.66,51.20,28.80,62.50,39,13.65,51,10.70,65.11,9.88,54.03,35.79,62.50,23.42,35.54,16.90,29.42,60.50,21.19,60.34,25.31,10.95,54.90,16.80,12.44,13.90,18.55,33.33,29.72,36,8.79,61.97,15.10,5.85,43.50,13.86,18.63,62.13,43.65,84.26,95.50,26.20,46.61,20.67,19.27,6.01,30,14.95,33.85,50.32,6.80,10.80,53.20,3.99,41.85
14-06-2021,32.31,28,34.10,14.47,44.09,23.81,51.10,28.50,62.70,38.90,13.90,51.20,10.90,59.56,9.92,52.07,35.30,62.50,23.28,35.54,16.45,27.50,58.10,20.90,59.16,25.26,10.71,54.80,16.80,12.39,13.90,18.75,33.24,29.72,36.30,8.74,62.07,14.95,5.84,43.80,13.90,18.68,62.08,43.50,84.42,96,25.50,46.71,20.72,19.81,5.72,30.20,14.48,31.78,49.28,6.75,10.75,53.60,3.95,40.82
11-06-2021,34.16,30,34.65,14.43,44.09,24.19,51,29.40,62.70,39.10,14,50.30,11,59.36,9.80,51.09,35.38,62.50,21.94,35.77,15.90,27.04,57.80,19.74,56.50,24.49,10.71,56.54,16.80,12.58,13.90,19,33.82,29.25,36.25,8.70,61.87,14.85,5.84,42.18,14,18.25,62.13,43.45,83.87,94.10,25.20,46.80,20.57,19.42,5.49,29.50,14.62,29.70,46.80,6.78,10.35,53.10,4.08,40.05
10-06-2021,35.04,30,34.10,14.38,44.18,23.86,50.30,29.60,63,39,14.20,50.90,11.45,63.96,9.73,49.32,33.98,63,21.28,34.74,15.60,26.67,57,19.07,54.72,24.35,10.67,56.54,16.70,12.58,13.90,18.20,34.11,29.25,36.15,8.61,60.89,14.70,5.85,41.73,13.71,18.34,59.65,43,83.39,94.50,24.70,47.47,20.86,19.32,5.50,28.24,14.10,28.76,44.88,6.71,10.40,51.60,3.89,39.55
09-06-2021,37.68,31,33.96,14.33,44.18,22.80,49.60,29.85,60.20,39,13.60,49,11.45,63.96,9.51,49.32,33.98,60.80,20.56,35.97,16,26,56.60,19.36,55.61,24.54,10.67,57.03,17,12.34,13.90,18.80,33.75,29.25,36.30,8.50,60.89,15,5.88,41.82,13.52,17.14,56.71,43.30,82.36,95.30,25.85,47.09,19.55,19.37,5.49,27.18,14.19,28.80,42,6.72,10.55,50.30,3.77,39.27
08-06-2021,40.51,30,32.16,14.23,44.36,22.66,49.80,29.95,60.20,39,13.30,47.15,11.60,64.15,9.51,50.20,33.98,62.40,20.14,35.46,16,24.83,56.70,17.61,56.20,24.30,10.86,55.87,17.40,12.53,13.90,19,34.25,28.40,35.40,8.61,60.69,14.85,5.89,42.18,13.90,17.05,56.56,43.30,81.57,96.40,26.10,48.14,19.70,19.17,5.46,26.70,14.48,28.01,41.12,6.70,10.60,50,3.82,38.41
07-06-2021,42.75,31,34.40,14.33,44.72,22.13,49.80,30,62,39.30,14.25,47.20,11.05,63.19,9.95,50.30,33.98,60.70,21.04,37.04,16.55,26.67,57.30,19.55,57.68,24.30,10.95,55.77,17.40,13.38,13.90,19.65,34.21,28.49,36.70,8.74,60.39,15,5.91,42.27,14.10,17.00,58.10,43.70,84.18,94.10,26.92,46.08,19.07,19.47,5.38,26.55,14.86,30.08,42.24,6.91,10.60,52.70,3.70,41.27
04-06-2021,45.10,31,36.24,14.38,44.81,22.37,49.10,29.95,62.40,39.30,14.70,47.50,10.35,61.28,10.36,51.09,34.15,60.50,20.85,38.78,15.50,27.75,57.40,21.58,56.30,24.26,11.05,55.96,16.40,12.81,14,19.85,34.30,28.77,37.40,8.88,61.18,15.40,6,41.91,14.24,17.05,59.20,44.05,84.26,94.30,27.91,45.65,19.31,19.47,5.28,26.21,14.48,31.51,42.48,6.93,11.05,54.50,3.83,41.91
03-06-2021,44.70,31.10,36.72,14.38,43.10,22.75,48,29.85,62.40,39.10,14.85,47.35,10.35,61.28,10.18,51.09,34.15,62.50,20.90,38.62,15.25,28.17,57.60,22.74,54.13,24.45,10.90,55.77,15.60,12.01,13.50,20.30,34.02,29.01,36.20,8.88,61.97,15.50,6.02,42.73,13.90,17.29,60.64,44.05,82.76,94.60,27.48,45.55,19.31,18.98,5.26,26.70,14.38,31.66,42.48,7.02,11.20,54.30,3.86,40.45
02-06-2021,43.92,29,35.68,14.23,42.56,22.94,47.95,27.90,63.60,38,13.90,46.20,9.70,64.53,9.54,51.09,34.15,62.50,19.66,37.51,14.90,28.17,58.30,20.90,52.85,24.06,10.81,55.77,15.60,11.73,14,19.60,33.28,29.06,36.35,8.56,60.79,14.50,5.84,41.82,14.10,17.05,61.38,43.90,82.76,95,27.01,44.12,19.12,19.07,5.21,26.40,14,30.00,41.92,6.80,10.95,54,3.61,39.36
01-06-2021,42.95,29.40,33.68,13.94,42.56,22.32,48.20,30,68.30,37.90,13.60,46.35,10.10,61.38,9.32,51.68,34.15,62.60,19.23,37.99,14.45,28.32,57.80,20.71,52.85,24.11,10.43,57.99,15.70,11.78,13.45,19.60,33.10,29.25,36.40,8.42,60.39,14.60,5.77,41.36,14.67,15.95,62.13,43.60,82.36,95,27.78,44.40,18.24,18.88,5.11,25.29,14.14,28.95,42,6.66,10.50,55.50,3.54,39.55
31-05-2021,42.95,29.40,33.12,14.04,44.99,22.56,48.60,32,73.30,37.80,13.75,46.65,10.10,61.76,9.28,52.07,34.15,60.70,19.28,38.54,14.90,28.40,58.10,19.36,53.34,24.11,10.67,57.99,15.70,11.97,13.90,19.85,32.82,29.81,37.35,8.62,61.08,14.80,5.70,41.73,15.10,16.09,60.14,43.70,80.70,94.10,27.27,44.50,18.34,19.37,5.13,25.73,13.24,29.59,41.92,6.66,10.50,52.70,3.44,39.91
28-05-2021,42.31,29.40,31.12,14.04,45.44,21.46,48.45,32.70,70.50,37.90,12.95,47,10.25,61.76,9.32,53.05,33.41,62.80,19.28,37.32,15.10,26.55,58.60,17.61,54.72,24.26,10.71,57.51,15.70,12.06,14.35,20.10,33.05,29.81,37.85,8.78,58.23,14.70,5.79,41.73,15.10,16.28,63.12,44.15,80.54,94.10,26.88,44.60,18.44,19.66,5.22,26.11,13.71,28.23,40.72,6.90,10.60,49.33,3.44,37.50
27-05-2021,39.58,29.40,30.56,13.99,45.44,20.06,48.70,31,67.80,37.80,12.85,46.50,10.25,63.67,9.25,52.56,33.41,61.50,19.14,35.93,14.80,26.44,57.80,16.07,55.31,24.16,10.67,57.03,15.60,12.20,14.40,20.20,33.19,29.25,36.10,8.88,57.04,14.40,5.80,41.55,15.24,16.28,66.11,44,79.83,95,26.50,44.60,17.95,19.56,5.20,25.58,13.62,27.37,40,6.85,10.70,49.11,3.40,36.64
26-05-2021,36.99,29.40,30.76,14.33,44.99,19.68,49,29.60,63.40,37.80,13,47.90,10.25,63.67,9.25,54.43,33.73,61.90,19.37,36.92,14.80,26.75,58.70,16.65,54.72,24.68,10.76,57.03,15.50,12.39,14.45,20.45,33.47,29.25,36.80,8.92,57.14,14.50,5.85,41.77,15.24,16.71,68.54,44.60,82.36,95,25.81,46.03,18.24,20.05,5.35,26.02,14.05,27.93,39.96,6.93,11,49.85,3.47,36.36
25-05-2021,34.60,29.40,30.40,14.52,46.79,19.68,48.70,27.70,62.90,38,13.65,48.60,10.25,63.67,9.39,54.43,33.73,61.90,19.42,36.96,15.25,25.96,59,16.74,54.43,24.83,10.95,56.83,15.55,12.11,14.50,20.80,34.11,29.25,37.25,9.20,57.14,15.05,5.95,41.73,15.24,16.90,69.09,44.55,83.87,95.20,25.26,46.03,18.44,20.40,5.25,27.28,14.29,28.23,39.12,6.85,10.60,49.56,3.56,36.55
24-05-2021,32.36,29.30,30,14.14,47.69,19.97,48.50,28.95,61.50,38,13.15,50,10.40,63.67,9.58,54.43,33.82,61.90,19.23,36.41,15.30,25.41,57.80,16.16,53.54,24.73,10.95,57.12,15.50,12.06,14.60,20.15,33.93,29.06,36.95,9.20,56.16,14.95,5.98,41.77,15.52,16.95,69.04,44.50,83.55,95,25.73,45.08,18.39,19.56,5.22,27.28,14.52,28.04,36.80,6.82,10.60,48.08,3.62,34.55
21-05-2021,30.26,29.20,30,13.94,48.14,19.44,47.60,31.10,58.80,38,12.30,49.90,10.40,63.67,9.21,51.77,33.90,61,19.04,35.42,15,25.18,56.90,16.07,52.55,24.35,10.76,57.03,15.60,11.64,14.65,20,33.42,28.87,35.15,9.25,53.00,14,5.93,41.77,15.52,16.28,66.40,44.40,83.08,94.50,24.06,43.73,17.95,19.56,5.24,27.66,14.05,27.29,36.24,6.71,10.55,48.23,3.60,34.45
20-05-2021,31.23,29,29.92,13.94,48.14,18.72,47.50,32,59,38.40,11.50,49.90,10.30,63.67,8.84,52.56,33.73,61,19.04,33.12,14.50,25.45,56.60,15.77,52.06,23.97,10.19,57.99,16,11.73,14.80,20,33.93,29.25,35.70,8.65,52.02,13.95,5.75,41.82,15.24,16.09,68.84,44.50,83.08,96,23.59,43.16,17.66,18.39,5.18,27.86,13.95,27.89,34.72,6.70,10.60,48.97,3.52,34.59
19-05-2021,33.58,29,29.28,13.94,49.58,17.52,47.20,31.40,56.70,38.90,12,48.50,10.60,61.28,9.10,52.95,34.56,62.50,19.14,32.37,14.80,24.78,57.20,14.42,52.46,24.16,10.67,57.99,15.55,11.92,14.50,20.30,33.84,28.96,35.30,8.93,53.50,14.45,5.86,41.45,15.14,15.95,67.35,45,82.13,96,22.65,43.97,17.66,18.68,5.25,27.08,13.71,26.73,32.68,6.88,10.70,48.60,3.64,35.18
18-05-2021,36.07,28.50,29,14.23,49.49,16.42,46.80,29.35,56.30,38.60,12.40,46,10.60,61.28,9.32,53.05,33.73,62.50,19.09,32.37,15.35,24.78,57.70,14.61,53.24,23.97,10.95,57.99,15.60,12.15,14.50,19.75,33.28,29.01,35.50,9.16,53.69,15,5.96,41.64,15.24,15.90,66.65,45.30,80.30,96,23.16,44.93,18.00,19.47,5.29,26.99,14.14,26.01,30.56,6.93,10.65,46.61,3.72,34.95
17-05-2021,38.12,30,29.24,14.47,49.49,15.36,47,27.45,57.40,38.80,12.90,48.20,10.30,65.59,9.39,53.05,33.73,61.60,19.09,33.08,15.60,23.17,57.20,14.81,53.84,24.30,11.43,57.99,15.70,12.48,14.50,20.30,34.11,29.15,35.80,9.17,55.17,15.25,5.96,41.68,15.43,16.43,64.02,45.30,80.54,96,23.93,46.03,18.24,20.00,5.41,26.99,14.43,26.08,30.80,7.05,10.70,45.51,3.79,34.09
14-05-2021,40.95,30,29.16,14.43,50.12,15.84,47.20,25.70,57,39,13.30,51,10.65,61.28,9.66,53.44,33.73,64.10,19.47,33.52,16,23.52,57.32,14.61,55.02,24.45,11.38,57.99,16.40,12.58,14.80,20.70,33.19,28.87,36,9.39,56.16,15.60,6.05,41.82,15.05,16.90,65.11,46.20,79.20,95,24.44,46.23,18.78,20.35,5.57,26.40,14.76,26.69,31.28,7.06,11,45.14,3.55,33.45
13-05-2021,40.90,30,28.96,14.62,50.84,15.89,47.50,24.05,57.10,37,13.45,51.20,10.05,61.28,9.58,53.54,33.73,63.50,19.61,33.72,16,23.92,57.32,14.71,54.82,24.64,11.62,56.64,16.65,12.20,14.80,21.05,33.19,28.77,34.30,9.39,56.85,15.80,6.05,41.64,15,15.95,61.14,47.80,79.99,94.50,23.97,46.32,17.76,20.54,5.58,26.70,14.67,26.42,31.76,7.05,11.35,45.22,3.53,34
12-05-2021,43.44,29.50,28.92,14.47,51.20,15.60,47.10,22.50,57,37.10,13.25,51.80,10.60,61.28,9.77,53.74,33.73,64,19.42,33.76,16.40,22.38,56.93,14.61,56.00,24.78,11.86,59.35,16.50,12.20,14.80,21.15,34.11,29.25,34.45,9.20,58.82,16.15,6.15,41.82,15.19,15.95,62.48,47.30,80.62,97.10,24.06,46.90,17.76,20.74,5.60,27.08,15.24,25.48,32.08,7.20,11.50,46.10,3.60,34.64
11-05-2021,41.19,29.50,28.64,14.18,50.48,14.83,46.40,21.05,57.30,36.80,13.05,51,10.75,61.28,9.69,53.74,33.73,65.20,19.52,33.32,16.20,22.34,56.74,14.52,55.22,24.78,11.86,59.35,16.50,11.97,14.90,21.05,34.85,29.25,34.35,9.02,58.33,15.85,6.15,41.82,15.19,15.37,61.63,47.02,79.83,98.20,23.68,46.90,17.86,21.03,5.24,26.89,15,24.58,32.24,7.05,10.75,45.58,3.47,34.32
10-05-2021,44.27,30,28.96,14.23,49.49,14.26,45.55,19.70,56.80,36,12.90,50.60,10.80,61.28,9.77,54.03,35.38,65.30,19.14,32.77,15.40,22.42,56.64,14.71,55.31,24.64,11.76,57.99,16.30,12.06,15,20.05,34.58,29.25,34.40,8.94,56.45,15.80,6,41.82,15.48,15.28,58.65,46.64,79.59,98.80,22.99,47.38,17.71,20.93,5.25,26.65,14.05,25.03,31.12,6.68,10.65,46.32,3.42,35.64
07-05-2021,47.58,30,28.16,14.72,50.39,13.34,45.65,18.45,54,35.40,13.45,51.90,10.45,61.28,9.54,54.82,35.38,66.70,19.52,32.17,15.30,22.11,57.13,13.55,53.44,24.68,12,57.99,16.30,11.97,15,19.85,34.58,27.92,34.70,9.20,57.73,16.10,6,41.68,15.33,14.89,59.15,46.74,75.79,97.50,23.12,47.47,17.71,21.23,5.30,24.91,14.57,23.44,32,6.68,10.70,44.70,3.39,33.36
06-05-2021,51.15,31.50,27.84,14.96,52.64,13.30,45.65,17.25,53.60,35.30,13.55,53.50,10.30,61.28,9.80,55.21,35.38,67.80,19.61,32.65,15.30,22.19,57.91,13.74,55.22,24.92,12,59.44,16.50,12.30,15.50,20.30,35.13,29.25,34.70,9.48,61.58,16.35,6.10,41.73,15.62,15.37,58.35,46.36,74.68,98.50,23.76,47.19,17.81,21.13,5.36,25.34,15.19,23.48,32.28,6.80,11.10,43.67,3.54,31.73
05-05-2021,54.95,31.50,28.24,15.20,53.45,13.30,45.60,16.15,53.60,35.30,13.90,54.20,10.20,61.28,10.18,55.21,32.50,68,19.56,33.16,15.30,22.27,58.10,13.45,55.51,24.92,11.90,59.93,16,12.34,15.65,20.45,35.22,29.34,34.70,9.66,61.67,16.65,6.20,41.82,15.43,15.56,58.25,45.89,74.05,98.98,23.42,46.99,18.34,21.42,5.36,26.02,14.90,23.55,32.80,6.79,11.20,43.60,3.75,30.45
04-05-2021,59.05,30,27.56,14.86,54.89,12.96,44.95,15.10,54.20,35.30,13.55,55,10.20,61.28,10.14,55.02,32.50,67,19.42,32.69,15,21.71,57.61,13.45,54.82,24.64,11.43,60.02,16,12.15,15.30,20,34.94,27.88,34.10,9.48,61.28,16.60,6.06,41.82,15.67,15.23,59.15,44.76,72.23,98.69,23.08,46.51,18.15,20.54,5.28,25.39,14.38,23.11,32.24,6.68,11.20,43.97,3.61,30.55
29-04-2021,63.45,31.90,27.72,14.72,55.34,13.25,44.40,15,53.60,35.30,14.30,55.40,10.20,61.28,9.88,55.02,33.73,67,19.71,32.45,15.30,21.91,57.81,13.45,56.50,25.11,11.81,60.02,16.05,12.25,15.30,20.30,34.67,29.25,34.40,9.48,63.25,16,6.36,41.82,15.90,15.32,55.42,46.08,72.23,95.91,22.86,47.57,18.49,21.52,5.44,25.15,15.14,22.67,31.60,6.83,11.50,42.72,3.88,28.86
28-04-2021,68.13,32,27.04,14.72,55.25,13.58,44.60,14.70,54.40,35.20,14.55,54,10.70,62.14,9.25,55.02,34.31,67.20,19.56,32.13,15.10,21.60,57.71,13.45,56.60,25.21,11.81,59.93,15.65,12.44,15.20,20.60,34.39,29.25,34.40,9.62,62.56,16,6.45,41.82,15.62,15.47,53.88,45.80,71.12,96.00,22.61,47.57,18.44,21.67,5.40,24.71,15.10,22.44,30.72,6.80,11.50,41.17,3.89,28.45
27-04-2021,73.21,32,27.20,15.01,55.34,13.44,44.40,14.60,54.30,34.60,14.40,54,10.50,62.14,9.17,55.02,34.39,67.20,19.56,31.94,15,21.64,57.03,13.26,56.10,25.74,11.71,59.93,16.35,12.20,15.30,20.60,34.11,28.87,34,9.39,61.58,16,6.35,41,15.52,15.47,52.79,45.61,71.67,96.10,22.48,48.14,18.05,20.74,5.30,23.12,14.86,22.15,30.64,6.80,11.45,41.39,3.80,28.55
26-04-2021,73.99,32,26.64,15.20,55.25,13.92,44,14.50,52.90,34.50,14.15,54.60,10.85,61.28,9.32,55.02,34.48,67.10,19.61,32.05,15.25,21.48,57.32,13.26,56.60,25.74,11.52,60.41,16.35,12.25,15.20,20.25,33.75,29.25,34.80,9.66,63.15,16.15,6.40,40.95,15.24,14.85,55.12,44.39,72.86,96.10,22.91,48.72,18.05,21.08,5.33,22.29,14.95,22.22,31.36,6.80,11.50,40.51,4.08,27.45
23-04-2021,72.13,32,26.72,15.20,55.79,13.44,44.80,14.60,50.90,34.60,14.80,56,10.90,61.28,9.58,55.02,33.49,68,19.90,33.24,16.25,22.74,57.32,13.89,58.17,25.74,11.90,59.83,16.35,12.81,15.50,21.35,35.31,28.77,35.40,10.03,66.50,15.70,6.52,41.64,15.52,15.47,56.66,45.61,72.46,95.62,23.93,48.82,18.29,22.60,5.04,22.78,15.90,23.26,32.96,6.97,11.60,41.47,4.38,27.41
22-04-2021,70.77,32,26,15.30,56.69,13.01,44.50,14.75,49.20,34.90,14.50,55.50,11,59.36,9.58,55.02,33.57,68,19.90,32.45,15.80,22.03,57.52,13.55,57.19,25.64,11.43,60.70,16.20,12.01,15.70,21.10,34.58,28.82,34.80,9.43,65.52,15.80,6.10,41.82,15.71,15.18,57.66,45.14,71.75,96.00,23.38,49.39,18.15,22.60,5.41,22.29,15.33,22.15,32.80,6.80,11.30,40.44,4.24,26.68
20-04-2021,68.72,32,26.88,15.73,58.12,12.86,43.80,15,50.40,35,15.30,57.20,10.70,63.58,10.29,55.90,33.82,67,19.99,34.19,16.80,22.42,58.49,14.32,59.16,26.07,12.19,59.93,16.60,12.77,15.75,22.65,35.04,28.77,34.25,10.12,68.18,16.70,6.50,41.91,15.95,16.28,59.50,46.08,72.86,93.22,24.40,50.73,18.63,23.67,5.81,22.97,16.48,23.63,33.60,7.20,12,42.06,4.55,28.68
19-04-2021,65.20,32,26.96,15.68,56.78,13.44,43.30,15.70,49.50,35.20,15.60,57,10.95,63.58,10.29,55.90,33.65,67,20.37,34.03,16.90,22.93,58.59,14.57,58.67,26.64,12.29,59.93,16.60,13.00,15.60,23,34.85,29.06,35,10.58,67.09,17.15,6.65,41.91,16,16.67,59.65,46.55,72.86,93.70,24.87,50.73,18.34,23.72,5.92,22.97,16.81,24.25,34,7.33,12.30,42.50,4.64,29.59
16-04-2021,61.01,30,26.48,15.97,56.06,13.58,43.05,15.40,49.70,35.30,15.05,57.50,11.10,58.89,10.21,55.11,33.65,68.90,20.47,33.24,16.60,21.83,59.08,14.03,57.09,25.78,12.67,60.70,16,12.96,15.50,22.80,34.67,29.06,35.30,10.58,66.90,17.10,6.70,41.91,15.38,16.38,57.41,46.17,69.85,93.70,24.27,50.83,18.44,24.16,5.99,22.34,16.48,23.63,33.68,7.44,12.20,40.14,4.98,28.59
15-04-2021,59.35,30.10,27.08,16.26,54.89,14.35,43.15,14.60,49.60,35.60,15.40,58.90,11.10,60.80,10.70,51.58,34.15,69,20.71,34.07,17.60,21.36,59.08,14.66,58.67,26.69,12.95,60.70,16.40,13.43,15.85,23.85,34.58,29.72,35.90,10.31,68.47,17.65,7.13,41.91,15.29,16.57,58.60,47.11,70.48,94.56,24.79,51.69,18.78,23.67,6.09,23.21,17.10,24.36,34.36,7.77,12.65,40.07,4.76,28.68
14-04-2021,57.39,30.10,27.68,16.07,54.17,14.50,42.50,14.60,49.60,35.70,15.70,59.60,11.15,60.90,11.00,55.31,34.15,70.20,20.94,34.82,17.90,20.14,58.88,15.15,59.85,27.17,13.14,60.60,16.80,13.90,15.85,24.50,34.81,29.25,36.40,11.00,68.97,18.15,7.14,42.27,15.24,17.34,59.35,47.21,70.64,94.66,25.47,52.17,19.31,24.16,6.05,23.70,17.62,25.03,35.04,7.82,12.95,38.97,4.45,27.23
13-04-2021,55.44,30.10,27.68,15.97,53.36,14.88,41.75,14.60,49.50,35.60,15.70,59.90,11.15,60.90,11.11,55.31,33.41,70.50,20.94,34.55,17.80,20.18,58.69,15.19,59.95,27.12,13.14,60.51,16.60,13.95,15.65,24.70,34.85,28.92,36,11.04,67.78,17,6.68,42.18,15.52,17.29,58.35,47.49,69.69,94.75,25.56,52.27,19.31,24.55,6.09,23.70,17.52,24.51,34.36,7.79,13.05,36.84,4.16,26.64
12-04-2021,54.17,30.20,28.12,16.36,52.64,15.65,41.80,15,50,35.90,16.30,60.40,11.15,62.24,11.41,55.31,34.39,70.50,21.28,35.42,18.70,20.34,59.95,15.44,61.53,27.65,13.38,60.41,16.90,14.46,15.70,25.40,35.22,29.25,36.60,11.41,69.66,18.10,6.74,42.18,15.52,17.38,59.00,47.77,69.53,95.14,26.37,52.75,19.80,24.75,6.23,24.62,18.29,25.55,35.04,8.08,13.10,37.64,4.06,27.55
09-04-2021,53.59,30.80,27.52,16.36,51.74,15.84,41.80,15.20,50.70,36,16.50,61.70,11.20,65.88,11.00,56.10,34.39,69.80,20.90,35.06,18.70,20.34,59.95,15.10,61.53,26.88,12.52,61.38,16.70,14.46,15.55,24.70,35.96,29.25,36.60,11.41,70.64,18.35,6.50,42.27,15.52,17.14,60.14,46.74,69.30,95.43,26.20,52.94,19.70,24.55,5.83,23.55,18.10,24.88,35.36,7.74,12.25,36.43,3.80,27.41
08-04-2021,52.51,30.20,27.52,16.17,52.64,15.79,42.15,14.50,50.70,36.20,16.55,61.80,11,65.88,11.00,56.39,36.53,70,20.94,35.46,18.90,20.38,59.95,15.00,61.53,26.98,12.52,61.18,17.40,14.42,15.60,24.90,35.50,29.72,36.40,11.37,71.13,18.40,6.59,41.82,15.76,17.19,60.44,46.83,70.33,95.23,26.41,52.27,19.89,23.82,5.74,23.75,18.10,24.40,35.68,7.80,12,36.28,3.56,26.86
07-04-2021,50.76,30.20,27.52,16.26,52.91,15.70,41.65,14.50,51.10,35.90,15.85,61.50,10.90,63.29,10.89,56.00,33.82,69.50,21.42,36.05,19.40,20.46,60.05,15.00,62.51,27.02,12.67,61.38,17.30,14.89,15.90,25.05,35.59,29.15,35.90,11.37,71.92,18.40,6.59,42,16,17.38,62.13,47.30,70.33,95.71,25.04,52.27,19.99,23.87,5.72,23.94,18.33,24.51,35.84,7.80,12,36.36,3.72,26.59
06-04-2021,49.49,30.40,27.80,16.26,51.74,15.84,41.70,13.80,48.70,35.85,15.35,60.50,10.85,63.29,11.00,56.49,35.79,69.40,21.33,36.21,19.30,20.22,58.49,14.57,60.74,27.02,12.43,61.38,17.30,14.70,15.70,25,35.50,29.72,36.50,11.23,70.94,18.30,6.68,41.86,16.19,17.24,61.98,47.68,69.69,95.71,24.62,52.17,19.80,23.82,5.66,23.02,17.14,24.36,35.52,7.65,11.85,36.32,3.62,25.91
05-04-2021,48.80,30.40,27.80,16.51,50.30,15.74,41.90,13.90,48.70,36.10,15.40,60.50,11,63.29,11.15,56.39,33.73,70,20.80,36.05,18.45,20.46,58.10,14.81,59.85,27.17,12.14,60.89,16.60,13.76,15.75,25.40,35.96,30.09,36.50,11.27,71.23,18,6.77,41.91,16.67,17.19,59.89,47.68,66.29,95.91,24.87,52.17,19.60,23.87,5.66,23.50,17.24,24.59,35.76,7.70,12.10,36.25,3.43,26.23
02-04-2021,48.12,30.50,27.72,16.60,50.12,16.18,42.15,13.90,48.60,36,15.60,62.20,11,62.62,11.15,56.39,34.15,68.10,20.85,35.62,18.30,20.50,58.49,15.00,60.93,27.22,12.29,61.38,16.40,13.47,15.80,25.95,34.58,30.05,36.60,11.23,72.51,18,6.51,41.82,17.05,17.29,60.14,47.96,66.29,96.00,24.96,52.27,19.75,23.97,5.66,23.84,17.33,24.14,36.08,7.91,12,36.06,3.21,26.27
01-04-2021,46.85,30.80,27.08,16.51,50.12,16.22,42.45,13.90,48.45,36.30,15.70,62,11,63.10,11.03,56.39,33.49,71.20,20.56,34.78,17.95,20.85,57.71,14.81,60.05,27.22,12.19,61.38,16.20,13.38,15.80,26,34.11,30.09,36.60,11.14,72.81,18.55,6.51,41.82,17.14,17.34,59.89,47.49,66.29,95.81,24.79,52.65,19.94,23.87,5.58,23.89,17.24,24.14,35.36,7.72,11.60,35.66,3.19,26.36
31-03-2021,44.90,30.40,26.64,16.60,50.66,15.74,42.15,13.90,48.70,35.60,15.15,61.50,10.70,58.50,11.03,56.49,33.49,71,20.47,33.99,18,20.22,56.83,14.23,58.77,27.12,12.05,60.89,16.40,13.38,15.55,25.55,35.41,30.09,36,11.23,71.82,19,6.30,42.23,17.43,16.71,58.60,47.96,66.13,95.81,23.59,52.36,19.26,23.72,5.55,24.08,16.90,22.81,34.48,7.22,11.60,34.41,3.17,25.82
30-03-2021,43.88,30.40,26.64,16.36,51.56,15.79,41.30,13.95,48.70,35.50,15.10,61.60,11,61.38,11.11,56.78,33.41,71,20.75,33.91,18.50,20.14,57.22,14.03,59.16,27.41,12.19,61.86,17.20,13.05,15.80,25.60,35.41,30.09,36.65,11.00,72.61,19,6.35,42.36,16.52,16.52,59.65,47.96,65.73,95.91,23.85,52.36,18.78,24.11,5.59,24.18,16.86,22.96,34.48,6.75,11.55,34.15,3.30,25.32
29-03-2021,43.14,30.40,26.40,16.70,52.64,15.84,40.20,13.95,48.75,36.50,15.20,60,11.10,66.07,11.11,56.49,33.32,71.10,21.13,33.68,18.80,20.22,57.22,14.03,58.37,27.31,12.19,60.89,16.90,13.38,15.85,25.55,36.79,30.19,36.65,11.00,72.41,19,6.25,42.18,15.48,16.76,60.39,48.34,64.70,95.91,23.29,52.36,18.92,23.87,5.48,23.94,16.81,22.48,34.24,6.69,11.65,34.04,3.19,25.14
26-03-2021,42.46,30.40,25.96,16.46,53.45,15.84,40.10,13.60,48.50,35.60,15,59.30,11.10,66.35,10.66,56.00,33.32,71.80,20.28,33.32,18.35,19.67,56.93,13.74,57.58,26.55,11.76,61.38,17,12.81,15.60,23.90,34.94,29.25,35.60,11.09,70.05,18.40,6.09,42,14.48,16.09,57.16,47.87,64.15,94.18,23.21,52.36,18.73,22.60,5.13,23.31,16.48,21.85,34.76,6.45,11.25,33.97,2.99,24.86
25-03-2021,41.97,30.50,25.64,16.46,53.63,15.36,40.40,13.70,48.50,36.60,15,60,11.10,66.35,10.96,54.82,33.32,71.40,20.47,33.44,18.80,20.26,58.00,13.74,58.57,27.02,12.38,61.18,17.80,12.53,15.90,23.75,34.11,28.87,36.20,11.09,72.02,18.40,6.13,42.73,14.38,15.99,58.60,48.34,64.62,96.10,23.56,52.75,18.78,23.48,5.15,22.44,17.05,22.15,34.80,6.56,11.40,33.09,3.06,24.82
24-03-2021,41.48,30.80,25.96,16.89,53.99,15.79,40.20,13.70,48.80,36.50,15.20,60.80,11.10,66.35,11.37,54.03,33.32,70.70,20.18,33.36,18.30,20.38,58.10,13.84,58.67,27.50,12.33,60.89,17.90,13.14,15.90,23.40,35.04,28.87,36.15,11.09,72.22,18.50,6.11,42.18,14.29,16.28,59.65,47.11,64.78,95.52,23.67,53.13,18.83,23.28,5.19,23.02,17.33,22.15,34.80,6.50,11.50,33.42,3.03,24.64
23-03-2021,42.75,30.80,26.40,17.04,53.90,16.56,40.40,13.60,48.90,37.10,16.15,61,11,66.35,12.08,56.39,34.56,71.20,21.13,34.59,19.30,21.56,58.69,14.32,60.84,28.07,12.57,61.38,17.90,13.76,15.55,24.20,35.22,29.86,37.40,11.37,74.78,18.50,6.20,42.73,13.57,16.67,59.65,47.96,65.65,96.48,24.14,53.51,19.02,23.57,5.23,24.18,17.67,23.22,35.64,6.69,11.85,34.26,3.05,26
22-03-2021,42.85,31.40,26.72,17.43,53.99,16.75,40.10,13.90,49.10,36.10,16.50,62,11,62.43,11.93,56.78,34.15,71.20,21.42,35.34,19.60,21.60,58.88,14.81,61.33,27.55,12.86,61.38,16.75,14.23,15.80,24.40,35.96,29.86,37.90,11.60,74.88,19.50,6.17,43,12.71,16.33,62.33,48.34,65.73,96.68,25.03,54.09,18.92,24.45,5.26,24.42,17.48,23.66,36.56,6.73,12.15,34.37,3.16,26.14
19-03-2021,42.46,31.30,27.04,17.77,53.90,17.38,38.90,13.90,49.30,36,16.70,62,11,58.41,11.33,56.88,34.15,72,21.42,35.62,19.10,21.64,59.27,14.90,60.15,27.31,12.90,61.38,15.70,14.32,15.80,24,36.60,29.91,38.35,11.50,76.65,18.95,6.23,43.18,11.90,16.57,60.14,48.52,66.05,96.58,25.19,53.99,19.02,24.45,5.19,25.29,17.33,24.14,36.28,6.73,12.30,34.67,2.99,26.45
18-03-2021,41.97,33,27.16,17.77,53.99,17.28,39,13.90,49.50,35.90,16.90,62.30,11.30,62.24,11.26,56.88,34.15,71.50,21.37,35.62,19.20,21.32,59.47,14.81,59.85,27.41,13,61.09,15.75,14.23,15.95,23.40,36.70,29.91,38.85,11.92,76.65,17.75,6.34,42.91,11.90,16.71,61.34,47.96,67.71,98.02,24.76,54.47,19.02,25.29,5.22,25.39,17.43,23.81,36.40,6.74,12,34.26,2.99,26.09
17-03-2021,40.70,32.30,26.80,17.48,53.99,17.76,38.90,14,49.50,36.10,16.45,62.30,11.30,63.29,11.30,56.49,33.57,72,21.37,34.27,19.80,21.32,59.47,14.71,58.77,27.41,12.33,60.89,15.70,14.27,15.85,23.35,36.88,29.72,39.10,12.01,76.75,17.95,6.43,43.09,11.48,16.71,63.12,47.96,67.71,97.25,24.22,54.86,19.07,24.26,5.22,25.34,17.33,23.48,36.32,6.71,12.35,34.04,3.06,25.82
16-03-2021,38.07,32.20,26.76,16.75,53.99,17.18,38.90,14.15,49.30,36.30,16.45,62.40,11.20,66.55,11.37,56.29,33.32,71,21.42,33.56,19.85,21.24,59.76,14.52,58.77,27.41,12.57,61.38,15.70,13.85,16.10,23.70,36.88,29.62,37.10,11.32,77.73,18.10,6.27,43.55,11.38,15.66,65.36,47.68,67.40,97.35,24.26,53.51,18.15,24.75,5.23,24.28,17.24,23.22,35.32,6.86,12.50,33.89,3.29,25.73
15-03-2021,37.29,31.80,26.80,16.26,54.26,17.76,38.30,14.25,49.30,36.30,16.45,62.10,11.10,66.74,11.30,57.28,32.91,72.50,21.75,34.03,20.10,21.56,60.34,14.81,59.26,27.45,12.71,61.38,16,13.99,16.20,23.70,36.88,29.25,35.35,11.14,78.33,17.95,6.32,43.82,11.62,15.71,61.88,47.68,66.60,97.25,24.61,53.23,18.24,23.72,5.24,23.79,17.48,23.66,35.52,6.79,12.50,34.19,3.29,25.59
12-03-2021,36.60,32.20,26.36,15.49,54.17,18.14,39.05,14.20,49.90,36,16.40,62.70,10.80,68.56,11.15,56.69,33.65,71.40,21.56,34.31,18.80,21.56,60.64,14.52,59.65,27.60,13,61.38,15.50,13.52,16.10,23.75,37.16,29.25,35.80,11.14,76.65,16.80,6.24,43.73,11.52,15.85,57.86,48.99,66.52,97.54,24.68,52.94,18.39,22.20,5.06,24.08,17.52,24.00,36.40,6.74,12.30,34.15,3.08,25.64
11-03-2021,36.51,32.20,26.40,15.68,53.99,18.86,39,14.05,50.50,36.95,16.70,63.10,11,64.15,11.30,57.96,33.65,71.50,21.13,34.27,19.10,21.56,60.25,15.00,59.65,27.98,12.76,61.86,15.50,13.90,16,23.90,36.97,29.91,36.65,11.14,76.85,17.10,6.24,43.46,11.33,16.14,55.42,49.65,64.94,97.54,23.83,53.42,18.63,22.69,5.11,24.08,17.95,24.07,36.48,6.51,12.45,34.12,2.88,25.86
10-03-2021,36.12,31,26.20,15.68,54.35,18.00,39,14.10,50.40,37.10,16.85,63.60,11,64.15,11.41,57.87,32.83,72.50,21.37,33.24,19.30,21.64,60.25,14.42,58.77,27.65,12.95,62.34,15.55,13.66,15.90,23.45,36.97,28.54,36.35,11.00,77.04,17.15,6.23,43.11,11.33,16.19,56.17,49.75,63.75,96.10,23.71,52.65,18.53,22.69,5.14,23.41,17.81,23.66,36.48,6.46,12.50,33.53,2.89,25.55
09-03-2021,36.12,32.05,25.64,15.49,54.08,16.85,38,13.80,49.40,37.50,16.80,63.50,11,63.19,11.44,56.88,32.91,71,19.99,33.12,20,21.36,59.76,14.71,58.08,27.74,12.38,61.38,15.50,14.09,16,23.40,38.26,28.35,34,11.00,77.04,16.05,6.03,43.20,11.38,16.09,56.17,49.28,62.88,94.75,23.67,52.08,18.44,23.09,5,23.75,17.90,23.04,36,6.37,11.70,33.71,2.85,25.73
08-03-2021,36.12,31.50,25.44,15.39,53.99,16.22,38,14.25,50.10,37.20,16.60,64.10,11.30,63.19,11.52,56.98,32.91,71.40,19.85,33.60,19.30,20.69,60.44,14.61,58.27,27.31,12.90,61.86,15.50,13.19,15.80,23.45,38.54,30.19,34,10.91,72.02,16.05,5.91,43.20,11.24,16.04,55.87,49.37,62.56,95.14,23.67,52.46,18.24,23.48,4.85,24.52,17.57,23.33,35.04,6.43,11.60,34.04,2.78,26.23
05-03-2021,35.63,31.50,25.96,15.68,54.71,15.17,37,14.50,50,36.70,16.70,64.60,11,63.19,10.81,57.18,32.09,72.80,19.61,33.56,20.70,20.46,61.03,13.69,58.17,26.36,13,61.38,15.20,12.34,15.90,23.10,37.80,29.81,34.10,10.95,70.84,15,5.88,43.20,10.95,16.09,55.27,48.81,63.20,95.14,23.67,51.98,18.63,24.36,4.84,24.47,17.10,22.89,34.52,6.46,11.30,33.82,2.60,25.41
04-03-2021,35.53,31.50,25.92,15.30,53.90,15.12,37,14.50,50.20,36.70,16.80,65.60,10.85,61.76,11.18,57.47,32.09,68.80,19.52,33.83,19.40,20.46,61.90,13.40,59.16,25.93,12.29,62.34,15.50,12.34,15.60,22.20,39.69,29.72,33.70,10.77,71.82,14.80,5.83,43.20,10.48,15.66,51.69,48.43,61.77,96.00,23.99,52.75,18.15,23.57,4.80,23.99,16.86,22.37,34.40,6.12,11.50,33.75,2.61,25.18
03-03-2021,34.55,31.80,26.60,15.68,53.99,15.74,38,13.90,52.40,36.70,16.70,65.20,11.40,62.24,11.78,59.93,32.50,73.90,19.99,34.67,18.15,20.97,63.56,13.84,60.44,26.64,12.76,62.34,15.40,12.53,15.70,22.15,42.64,29.72,34.25,10.86,73.69,15.25,5.91,43.42,10.48,15.28,51.29,48.43,62.41,96.19,24.99,53.51,17.90,22.06,4.83,24.76,17.86,23.00,33.96,6.29,11.70,34.41,2.62,25.55
02-03-2021,34.07,32,26.40,14.86,53.99,15.84,38.30,13,50.43,35.70,15.65,64,10.80,60.90,11.67,56.88,32.91,72.80,20.04,34.86,17,21.16,63.27,13.74,60.93,27.02,13.19,62.34,15.40,12.67,15.80,22.25,39.88,29.25,34.25,10.17,74.09,15.15,5.75,43.29,10.48,14.32,51.94,48.52,60.82,96.58,25.15,53.51,17.76,20.64,4.71,23.16,17.14,22.89,33.68,6.14,11.65,34.34,2.56,25.36
01-03-2021,32.99,32,26.60,14.76,54.89,15.12,38.10,13,51.34,35.20,15.90,63.90,11.05,57.07,11.71,56.49,32.58,73.60,19.99,34.90,15.95,20.61,62.00,13.94,60.93,26.83,12.52,61.96,15.30,12.91,15.90,22.25,37.30,28.87,34.30,10.17,74.29,14.95,5.75,43.29,10.48,13.41,49.80,48.62,60.82,96.87,25.42,53.42,16.98,19.32,4.70,21.76,17.48,22.85,33.76,6.11,11.65,33.97,2.56,25.45
26-02-2021,32.41,30.60,26.44,14.86,54.89,14.16,36,13,51.87,35.35,15.45,63.90,10.80,60.80,11.03,56.49,32.50,72.50,19.66,34.51,14.95,19.98,61.42,13.45,58.27,26.74,11.71,61.96,15.70,13.00,15.30,21.30,34.90,28.77,33.75,10.08,72.81,15,5.64,42.93,10.48,12.93,47.02,47.11,61.38,96.58,25.42,53.23,16.35,18.10,4.70,20.99,16.86,21.52,32.96,6.09,11.50,33.53,2.53,24.09
25-02-2021,31.97,30.60,25.92,15.01,54.80,13.87,35.95,13,51.87,35.35,15.50,63,11.20,58.89,10.33,57.47,32.75,73,19.71,33.99,14.40,20.46,60.44,13.50,58.77,25.69,10.95,61.86,15.35,12.44,15.35,21.50,32.96,29.25,34.30,9.43,73.69,15.40,5.64,42.93,10.76,12.83,46.92,47.21,60.35,97.06,24.26,53.13,16.40,17.90,4.60,19.63,16.52,21.63,33.28,6.06,11.40,32.46,2.53,23.45
24-02-2021,31.33,30.60,24.96,14.52,56.24,14.40,35.95,13,51.94,35.55,15.70,62,11.20,58.89,10.74,57.96,32.99,73,19.85,34.07,14.30,20.69,59.76,13.50,58.86,25.50,11.05,63.31,15.85,12.25,15.70,21.85,32.82,29.39,34.35,8.84,73.89,15.40,5.68,42.85,10.19,12.93,45.78,47.21,57.81,96.39,24.06,53.42,16.40,18.10,4.62,18.38,16.48,21.56,33.60,6,11.45,32.06,2.48,23.23
23-02-2021,31.23,30.60,25.36,14.72,57.50,13.54,36.20,13.15,52.70,35.50,15.95,63.30,11.30,60.80,10.96,59.93,33.24,74.20,20.18,34.82,14.85,21.16,61.22,13.60,59.65,25.69,11.14,63.31,16.30,12.44,15.90,22,32.64,29.25,34.25,8.87,74.98,15.50,5.81,43.02,10.38,13.07,47.22,47.21,57.73,97.92,24.14,53.71,16.74,18.19,4.68,18.96,17.05,21.85,34.08,6.21,11.75,31.84,2.55,23.36
22-02-2021,31.23,30.60,25.28,14.76,58.39,13.34,36.20,13.10,50.43,36.10,15.30,61.50,11.20,61.66,10.59,59.93,33.32,75.50,20.14,34.63,14.55,21.48,61.81,13.36,60.24,25.97,11.19,63.79,16.80,11.64,15.90,22.20,32.27,29.25,34.25,8.79,74.68,14.90,5.82,42.76,10.29,13.22,46.32,46.93,57.89,96.58,24.02,54.38,16.84,18.19,4.79,18.86,17.14,21.63,34.32,6.14,12.10,31.91,2.61,23.41
19-02-2021,30.26,30.60,24.88,14.43,52.19,12.72,36.15,13.10,50.73,36.40,15.25,60.40,11.10,60.70,10.25,59.63,34.48,74,19.90,34.90,13.60,20.97,62.39,13.40,60.64,25.88,10.48,63.79,15.85,11.78,15.90,21.80,32.18,29.62,33.70,8.55,71.82,14.50,5.91,42.40,10.19,13.22,45.68,46.27,57.65,96.39,24.41,54.38,16.93,17.80,4.81,18.18,16.24,21.45,34.84,6.22,12.50,31.95,2.49,22.86
18-02-2021,30.75,32.50,23.32,14.43,52.19,12.82,36.50,12.80,51.34,36.10,15.60,60.20,10.70,58.41,9.62,58.75,33.08,74,19.37,34.35,13.45,21.01,61.42,13.45,61.03,24.83,10.14,63.41,15.90,11.68,15.90,22.60,32.27,29.25,33.50,8.29,72.12,14.70,5.63,42.32,10.19,13.07,46.27,47.02,58.13,96.39,23.91,53.13,16.89,17.95,4.85,17.85,16.05,21.56,35.44,6.32,12.45,32.24,2.47,22.64
17-02-2021,30.55,30.50,23.52,14.04,52.19,12.62,35.80,12.80,51.49,35.10,15.20,59.50,11.20,59.65,9.77,57.47,32.67,77.05,19.42,33.32,13.55,20.73,60.44,13.89,61.03,24.78,10.43,63.70,15.62,10.98,15.90,22.60,32.27,28.40,33.75,8.20,71.23,14.90,5.57,42.32,10.19,12.26,45.13,45.98,56.94,97.06,23.56,52.56,15.87,18.10,4.83,18.04,16.05,21.71,34.24,6.09,11.90,31.95,2.39,23.14
09-02-2021,30.26,30.50,22.84,13.75,52.19,12.10,34.40,12.75,50.58,36,14.25,58.50,11.10,59.65,9.54,56.00,32.67,73.52,19.04,32.29,12.80,20.06,58.59,13.36,59.06,24.06,9.81,63.79,14.60,10.27,15.30,21.35,30.43,28.30,32.75,7.83,67.98,14.60,5.47,41.79,9.81,11.97,42.20,45.14,53.22,97.06,22.63,51.88,15.48,17.31,4.56,16.97,15,20.82,32,5.70,11.15,30.73,2.24,21.82
08-02-2021,29.28,30.50,22,13.55,52.19,11.81,34.35,12.70,47.47,34.60,14.90,57.50,11.35,57.45,9.51,54.92,32.50,72.05,18.66,31.74,12.80,19.67,58.39,13.06,56.60,23.78,9.52,63.31,14.42,9.61,15.50,20.90,30.43,28.30,32.45,7.78,67.59,14.55,5.42,41.88,9.76,12.02,39.47,44.67,52.11,95.91,22.36,50.93,15.43,17.27,4.33,16.35,14.62,20.27,31.52,5.40,10.45,30.07,2.10,21.36
05-02-2021,28.99,30.50,22.80,13.55,52.19,12.05,35.30,12.50,47.40,34.90,16,58.60,11.35,60.13,9.99,57.67,32.50,74.20,19.71,33.08,13.10,20.61,59.27,13.36,59.16,24.16,9.95,63.79,14.37,9.33,16.30,20.90,29.97,27.36,33.80,8.12,70.34,14.70,5.45,42.23,10.19,12.36,41.20,45.14,53.85,96.87,22.98,52.36,15.82,17.41,4.56,17.22,15.38,20.67,31.92,5.75,11.10,31.25,2.25,21.82
04-02-2021,28.79,30.50,22.56,13.75,52.19,12.29,35.70,12.70,47.32,34.90,16.15,58,11.40,56.20,9.95,55.02,32.83,74.20,19.61,32.85,13.20,19.94,58.59,12.48,57.29,23.97,10,62.83,14.97,9.41,16.50,21.30,29.97,28.30,33.80,7.99,69.26,14.60,5.43,42.23,10.10,12.16,38.52,44.76,52.66,95.91,22.12,52.36,15.48,17.51,4.46,16.68,15.05,20.16,31.36,5.59,11.10,30.73,2.25,21.73
03-02-2021,28.60,30.50,22.48,13.55,54.89,12.29,35.90,12.40,45.66,34.90,15.80,57,10.95,58.79,9.43,55.51,32.83,69.40,19.42,32.73,13.20,19.91,58.49,11.71,57.68,23.92,9.90,62.83,14.97,9.42,16.85,21.65,29.46,28.25,32.80,7.82,69.95,14.30,5.52,42.23,10.19,12.07,37.38,44.95,52.51,96.87,22.51,52.75,15.48,17.22,4.45,16.64,15.43,20.16,31.04,5.65,11.20,30.88,2.21,21.73
02-02-2021,28.31,30.50,21.88,13.36,52.19,12.10,35,12.40,43.39,35.50,14.80,56.70,10.45,58.79,8.87,54.03,30.86,73.62,18.95,31.14,12.90,19.04,58.12,10.98,53.93,23.11,9.86,63.31,14.33,9.05,15.80,20.65,29.46,26.70,32.75,7.73,67.00,13.90,5.29,42.32,9.71,11.30,37.03,43.26,50.69,94.27,21.50,52.56,14.65,16.92,4.26,15.57,14.76,18.90,29.36,5.32,10.65,29.78,2.07,20.77
01-02-2021,27.33,32.40,21.32,13.26,52.19,12.14,35.30,12,42.17,35.50,15.90,56,10.95,58.98,8.84,53.05,32.91,72.83,18.66,30.95,12.95,18.57,56.61,10.94,52.75,22.92,10,63.31,14.33,9.03,16.90,20.10,27.98,27.36,31.10,7.63,67.88,13.55,5.34,41.88,9.71,11.45,35.09,42.32,48.71,96.10,20.80,51.79,14.85,16.43,4.50,15.48,15,18.49,27.68,5.25,10.45,28.20,2.10,20
29-01-2021,29.28,32.40,21.44,13.26,52.19,12.62,35.35,12.45,43.01,36.20,17.05,58.50,10.85,58.98,8.87,55.02,33.08,72.73,19.47,31.58,13.90,19.83,56.23,11.76,55.71,23.30,10,62.83,13.45,9.71,16.30,20.85,29.78,28.30,32.50,7.64,72.91,14.20,5.74,41.88,10.10,12.21,34.40,43.54,47.83,97.06,20.84,52.36,15.38,16.43,4.83,14.99,16.10,19.86,28.44,5.64,11.20,28.78,2.25,21.23
28-01-2021,29.19,31,20.48,12.73,50.39,12.53,34.35,11.70,42.48,33.90,18.30,56.80,10.85,55.25,9.13,53.05,35.22,72.63,19.56,30.43,13.90,19.16,53.96,11.71,53.24,22.68,9.95,59.93,13.45,9.29,17,20.40,28.26,28.30,31,7.58,69.46,14.05,5.50,39.67,10.19,11.78,32.36,41.28,45.30,92.25,20.84,50.83,14.99,16.38,4.79,14.94,16.76,19.09,28.44,5.56,11.20,27.57,2.26,19.86
27-01-2021,29.28,32,22,13.65,55.52,13.44,36.90,12.35,45.66,36.30,19.65,61,11.65,59.36,9.80,56.98,35.22,77.54,20.99,32.69,14.90,20.57,58.02,12.58,57.19,24.35,10.67,64.28,14.42,9.99,17,21.90,30.38,28.30,33.30,8.15,74.68,15.10,5.91,42.23,10.95,12.64,34.79,43.92,48.71,97.06,22.39,54.57,16.11,17.61,5.15,16.06,18,20.49,30.56,5.97,12,29.63,2.43,21.32
26-01-2021,29.23,32,22.24,13.75,55.79,13.54,36.90,12.35,48.38,36.90,21.10,61.40,11,60.99,10.51,56.88,32.09,78.52,20.94,33.68,16,21.56,58.68,13.50,59.65,25.31,10.67,66.21,14.79,10.08,17.90,21.90,29.50,29.25,35,8.74,78.03,15.50,6.29,42.05,11.33,13.31,36.68,45.61,50.84,98.02,24.06,55.43,17.08,17.61,5.53,17.12,18,22.00,31.84,6.41,12.70,31.10,2.61,22.86
25-01-2021,29.58,32,22.48,14.33,57.14,12.86,36.80,13,49.37,36.80,20.50,63.40,11.50,61.66,10.40,56.98,35.38,80.00,21.42,35.30,16.70,22.74,59.81,14.52,63.10,25.97,10.76,68.63,14.97,10.27,18.10,22.80,30.43,29.72,36.60,9.16,79.31,16,6.65,42.32,11.48,13.79,38.22,46.08,52.19,99.37,25.69,57.35,17.95,18.10,5.83,17.85,17,23.18,32.52,6.89,13.55,32.13,2.80,24.41
22-01-2021,29.09,32.40,22.92,14.57,58.21,12.05,36,13,49.59,37.30,19.20,64,11.50,62.24,9.99,55.70,35.38,78.52,21.13,35.81,16.05,22.78,58.87,14.61,63.79,25.21,10.81,68.62,14.97,9.61,17.90,23.20,30.33,30.19,36.90,9.11,78.72,16.10,6.70,43.02,11.86,13.70,38.97,47.02,52.82,100.52,25.62,56.49,17.95,18.00,5.80,17.85,15.90,22.74,32.68,6.90,14.30,32.09,2.86,24.09
21-01-2021,29.28,31.00,23.16,14.91,58.48,11.42,34.60,13.40,49.59,38.20,18,62.50,11.50,61.28,9.73,52.07,33.65,79.21,21.33,36.80,15,23.29,56.61,15.10,64.78,25.69,10.95,70.11,15.02,9.99,16.95,23.40,29.50,29.25,37,9.39,78.82,16.05,6.63,43.02,11.43,13.79,38.22,47.49,53.22,101.29,25.89,55.62,18.00,18.34,6,17.89,15.29,23.26,31.56,7.10,14.75,32.50,2.93,23.86
20-01-2021,28.11,31.00,22.64,14.43,56.69,11.52,33,12.75,47.70,37,17.85,62.90,11.50,58.41,9.10,50.89,33.32,78.52,20.94,36.01,14.55,22.50,56.61,14.61,63.40,25.26,10.86,65.84,14.05,9.38,15.85,23,30.43,28.30,35.95,8.84,77.14,15.75,6.41,42.32,10.95,13.60,36.23,45.42,51.87,98.02,24.84,55.15,17.53,18.10,5.70,17.89,14.29,22.89,29.52,6.82,14,30.66,2.74,22.36
19-01-2021,28.01,31.00,22.32,14.57,56.96,11.33,32,12.75,49.22,37.20,17.90,59.40,11.50,62.24,9.20,50.99,33.32,79.51,20.47,35.81,15.35,23.21,56.42,15.24,64.09,25.35,10.76,66.77,13.77,9.85,17,23,30.89,28.30,35.80,9.01,77.14,15.90,6.61,41.88,11,13.65,36.58,43.82,51.87,98.98,25.19,54.86,17.49,17.61,5.86,18.23,15.05,22.89,29.68,6.97,14.45,30.59,2.83,22.18
18-01-2021,27.82,30.81,23.96,15.64,59.20,11.95,33.55,13.70,51.72,37.90,18.70,59.50,11.60,62.91,9.85,52.66,33.32,81.47,21.90,38.50,16.50,24.94,59.62,16.36,67.64,27.22,11.05,68.53,14.79,10.55,18.20,23.55,31.12,30.19,38.45,9.57,82.76,16.10,7.09,44.08,11.81,14.46,39.32,44.67,54.09,102.06,27.05,57.64,18.79,18.88,6.30,19.59,16.14,24.59,31.76,7.48,15.50,32.79,3.04,23.18
15-01-2021,26.16,31.39,24.20,15.35,59.11,12.48,32.90,13.85,52.78,38.40,18.10,59.30,11.75,65.11,10.16,50.79,33.32,80.88,21.90,38.66,16,25.33,60.47,16.84,68.43,28.27,11.14,65.75,14.51,10.51,18.75,23.85,31.16,30.09,38.60,9.34,81.87,16.15,6.70,44.43,11.43,13.65,40.76,45.61,54.17,103.79,26.16,58.69,18.37,19.03,6.39,19.97,16.29,25.21,30.96,7.03,15.75,32.72,2.85,23
14-01-2021,24.79,31.48,23.88,15.49,59.74,11.66,33.10,13.90,53.23,38.40,18.15,60,11.70,65.40,10.16,51.09,32.91,81.47,21.80,38.66,15.20,25.65,61.13,16.21,69.02,28.17,10.81,64.45,14.97,9.85,18.60,23.90,30.75,29.34,38.45,9.39,82.76,16.40,6.70,44.26,11.62,13.65,40.51,46.08,50.69,104.65,26.04,58.31,18.33,18.83,6.07,19.83,16.19,24.84,30.96,6.71,15.55,32.68,2.67,22.77
13-01-2021,24.50,30.18,23.88,15.59,59.92,10.94,32.55,13.90,53.31,38.60,17.50,58.60,11.60,64.15,9.51,50.20,32.17,79.01,21.71,38.35,14.35,26.20,61.23,15.19,69.41,27.88,11.24,62.60,14.51,9.71,18.05,24.15,31.26,29.43,38.10,9.71,82.96,16.40,6.74,44.52,11.24,13.65,41.60,46.08,50.53,104.75,25.93,58.69,18.23,18.59,6,19.73,16.38,23.52,31.04,6.50,16,32.87,2.50,22.95
12-01-2021,24.40,30.32,24.08,15.88,60.64,10.27,30.45,14,52.55,39,17.70,59.70,11.50,64.92,9.82,51.19,32.91,76.56,22.09,38.58,14.10,26.36,59.34,15.39,67.25,27.07,11.29,63.06,14.51,9.61,18.20,24.30,31.07,29.62,38.80,9.85,82.86,16.50,6.87,42.76,10.81,13.70,41.65,46.08,51.16,101.67,26.12,55.82,18.23,18.15,6.27,19.49,16.48,23.85,31.32,6.95,16.10,33.01,2.34,22.82
11-01-2021,24.40,30.32,24.28,15.97,60.91,10.27,30.85,13.80,51.64,37.40,17.80,57.80,11.85,65.11,10.16,49.42,34.56,77.84,21.66,38.19,14.30,25.29,58.49,15.44,67.15,27.12,10.57,63.06,14.88,9.66,18.20,23.70,31.35,29.72,38.50,9.20,77.44,16.20,6.66,42.49,10.14,13.65,42.10,44.95,50.76,103.79,24.41,55.05,18.23,17.80,6.36,18.96,15.90,23.55,30.40,6.80,16.30,31.65,2.19,21.91
08-01-2021,22.94,30.22,24.16,16.12,60.91,10.13,29.85,14.10,53.76,37.90,18.15,57.20,11.50,65.11,10.61,46.22,35.22,81.96,22.09,38.39,14.50,25.18,58.87,16.26,67.34,26.93,9.90,63.06,14.88,9.66,18.20,22.30,31.26,31.60,38.10,8.62,75.76,16.20,6.23,42.14,10.19,13.70,40.71,44.67,50.69,103.79,24.49,54.86,18.05,17.71,6.03,18.86,16.19,24.07,31.60,6.45,16.95,31.43,2.05,21.91
07-01-2021,21.47,30.13,23.92,16.22,59.29,9.98,29.95,13.85,54.90,38.20,17.85,57,11.80,65.11,10.67,43.23,35.22,77.44,22.28,38.70,14.50,25.69,58.30,15.68,66.06,27.12,9.90,60.56,15.90,9.71,18.20,22.20,31.26,29.72,38,8.06,74.68,15.90,6.23,42.05,10.38,13.46,41.01,45.04,50.69,104.07,24.68,54.57,17.86,17.95,5.64,18.76,16.33,23.85,32,6.29,17.20,31.47,2.07,21.91
06-01-2021,20.99,30.22,23.92,16.65,59.56,9.84,29.45,13.70,54.74,38.40,16.70,57.20,11.50,64.34,10.71,43.82,36.20,74.99,22.23,38.62,14.75,25.18,59.34,14.66,65.57,26.74,10.19,63.06,15.94,9.42,17.60,22.30,30.61,29.72,38.50,8.19,75.07,15.90,6.26,41.43,10.38,13.46,41.01,45.51,48.31,102.15,24.22,54.95,17.63,18.00,5.28,17.55,15.95,23.33,32.16,6.26,16.10,31.47,2,21.55
05-01-2021,20.79,30.03,23.48,16.36,60.64,9.79,29.20,13.20,54.90,38.50,16.85,57.20,11.70,67.98,10.33,41.95,36.20,75.19,21.85,37.91,15.10,24.82,60.85,13.74,65.08,27.31,10.10,63.99,17.10,9.61,18.70,22.30,30.43,28.96,39.20,8.57,75.37,16.20,6.33,42.49,10.10,13.50,41.20,46.74,48.23,100.52,24.45,56.10,17.81,18.34,5.36,17.85,15.86,23.33,32.28,6.20,15.55,31.14,2.03,21.64
04-01-2021,20.06,30.03,22.92,15.30,61.72,9.74,29.10,13.25,55.50,39,17.10,57.30,11.80,65.68,9.68,42.24,34.56,75.09,21.90,38.19,14.20,24.98,60.38,12.87,65.37,27.60,9.87,63.99,15.99,9.61,18.90,22.15,30.43,29.15,39.40,9.02,75.37,16,6.13,42.85,10.05,13.50,42.40,46.83,48.31,100.52,22.94,56.20,17.95,17.36,5.29,17.94,15.95,23.63,30.40,6.23,14.90,31.10,2.06,21.55
